id,name,producer,nation,local1,local2,local3,local4,varieties1,varieties2,varieties3,varieties4,varieties5,varieties6,varieties7,varieties8,varieties9,varieties10,varieties11,varieties12,type,use,abv,degree,sweet,acidity,body,tannin,year,ml
163269,"Oddero, Barolo",Oddero,Italy,Piemonte,Barolo,,,Nebbiolo,,,,,,,,,,,,Red,Table,14~15,16~18,SWEET1,ACIDITY4,BODY3,TANNIN4,2015,750
149457,Gray Fox 1340 Second Edition Chardonnay,Gray Fox Vineyards,USA,California,,,,Chardonnay,,,,,,,,,,,,White,Table,,,SWEET1,ACIDITY3,BODY4,TANNIN1,2013,750
149615,Chateau Ferrande Rouge,Chateau Ferrande  Grand Cru Class,France,Bordeaux,Graves,,,Merlot,Cabernet Sauvignon,,,,,,,,,,,Red,Table,,,SWEET1,ACIDITY4,BODY4,TANNIN4,2015,750
163668,Oristan Crianza,Bodegas Lozano,Spain,La Mancha,,,,Tempranillo,Cabernet Sauvignon,Syrah & Shiraz,,,,,,,,,,Red,Table,13~14,16~18,SWEET1,ACIDITY3,BODY3,TANNIN3,2014,750
164495,Veuve du Vernay Ice,CASTEL Groupe CASTEL,France,,,,,Airen,Ugni​ blanc,,,,,,,,,,,Sparkling,Appetizer,11,6~8,SWEET1,ACIDITY3,BODY2,TANNIN1,0,750
141896,"Casanuova della Cerbaie, Brunello di Montalcino",Casanuova della Cerbaie,Italy,Toscana,Montalcino,,,Sangiovese,,,,,,,,,,,,Red,Table,13.5,16~18,SWEET1,ACIDITY3,BODY4,TANNIN4,1998,750
143776,"Carpineto, Dogajolo Rosso",Carpineto,Italy,Toscana,,,,Sangiovese,Cabernet Sauvignon,Etc,,,,,,,,,,Red,Table,13,16~18,SWEET1,ACIDITY3,BODY2,TANNIN2,2018,750
159041,Pinino Brunello di Montalcino,Pinino,Italy,Toscana,Montalcino,,,Sangiovese Grosso,,,,,,,,,,,,Red,Table,13~14,16~18,SWEET1,ACIDITY4,BODY4,TANNIN3,2008,750
146335,"Dugat Py, Gevrey Chambertin 'Coeur de Roy'",Domaine Bernard Dugat Py,France,Bourgogne,Cote de Nuits,GevreyChambertin,,Pinot Noir,,,,,,,,,,,,Red,Table,13,15~17,SWEET1,ACIDITY4,BODY3,TANNIN2,2010,750
148812,Gesellmann Op Eximium Cuvee No.19,Gesellmann,Austria,Burgenland,,,,Blaufrankisch,St. Laurent,Zweigelt,,,,,,,,,,Red,Table,,,SWEET1,ACIDITY4,BODY5,TANNIN4,2006,750
140809,"Errazuriz, Max Reserva Cabernet Sauvignon",Vina Errazuriz,Chile,Aconcagua,Aconcagua Valley,,,Cabernet Sauvignon,Syrah & Shiraz,Carmenere,,,,,,,,,,Red,Table,14~15,17~19,SWEET1,ACIDITY3,BODY4,TANNIN4,2014,750
154191,"Bisci, Verdicchio di Matelica Passito",Bisci,Italy,Marche,,,,Verdicchio Bianco,,,,,,,,,,,,White,Table,15.5,6~8,SWEET5,ACIDITY3,BODY5,TANNIN1,2006,375
164531,"Arietta, Merlot Hudson Vineyards",Arietta,USA,California,Napa County,Napa Valley,,Merlot,Cabernet Franc,,,,,,,,,,,Red,Table,,,SWEET1,ACIDITY4,BODY5,TANNIN4,2015,750
156979,"Fritz Zimmer, Riesling Kabinett",Fritz Zimmer,Germany,MoselSaarRuwer,,,,Riesling,,,,,,,,,,,,White,Table,,,SWEET1,ACIDITY5,BODY1,TANNIN1,2019,750
150240,Aurelius,Union de Producteurs de SaintEmilion,France,Bordeaux,SaintEmilion Grand Cru,,,Merlot,Cabernet Franc,,,,,,,,,,,Red,Table,13,16~18,SWEET1,ACIDITY3,BODY4,TANNIN4,2005,750
159767,"De Martino, Legado Reserva Chardonnay",De Martino,Chile,Coquimbo,Limari Valley,,,Chardonnay,,,,,,,,,,,,White,Table,,,SWEET1,ACIDITY3,BODY4,TANNIN1,2017,750
161960,"Aaldering, Chardonnay",Aaldering Vineyards  Wines,the Republic of South Africa,Coastal Region,Stellenbosch,,,Chardonnay,,,,,,,,,,,,White,Table,,,SWEET1,ACIDITY4,BODY3,TANNIN1,2015,750
165693,"Louis Max Sud, Le Belle Vie",Louis Max,France,Southern France,Languedoc Roussillon,,,Pinot Noir,Syrah & Shiraz,Chardonnay,,,,,,,,,,Red,Table,13~14,8~10,SWEET1,ACIDITY4,BODY3,TANNIN2,2016,750
139131,"Delor, Cabernet Sauvignon",Delor by CVBG,France,Cabernet Sauvignon,,,,,,,,,,,,,,,,Red,Table,13,17~18,SWEET1,ACIDITY3,BODY4,TANNIN3,2003,750
140371,Chateau Fongiras,Producta,France,Bordeaux,Medoc,,,Cabernet Sauvignon,Merlot,Cabernet Franc,,,,,,,,,,Red,Table,12.5,16~18,SWEET1,ACIDITY3,BODY3,TANNIN4,2007,750
165131,"Scala Dei, Cartoixa",Codorniu,Spain,Catalunya,Priorat,,,Grenache,Carinena,,,,,,,,,,,Red,Table,,,SWEET1,ACIDITY3,BODY4,TANNIN4,2016,750
155446,"Vicente Gandia, David Bowie Shiraz",Vicente Gandia,Spain,Valencia,,,,Syrah & Shiraz,,,,,,,,,,,,Red,Table,13,15~17,SWEET2,ACIDITY3,BODY3,TANNIN3,0,0
155581,Bodegas Palacio Milflores,Bodegas Palacio,Spain,Rioja,,,,Tempranillo,,,,,,,,,,,,Red,Table,13~14,16~18,SWEET1,ACIDITY3,BODY4,TANNIN3,2013,750
153032,Dauphin de Grand Puy Ducasse,Chateau Grand Puy Ducasse Grand Cru Classe5th Cru,France,Bordeaux,Pauillac,,,Cabernet Sauvignon,Merlot,,,,,,,,,,,Red,Table,13,16~18,SWEET1,ACIDITY4,BODY4,TANNIN4,2007,750
143297,"Seresin, Momo Sauvignon Blanc",Seresin Estate,New Zealand,South Island,Marlborough,,,Sauvignon blanc,Semillon,,,,,,,,,,,White,"Appetizer, Table",,,SWEET1,ACIDITY4,BODY3,TANNIN1,2008,750
142183,"Terra Dacica, Merlot Reserva",Terra Dacica,Romania,,,,,Merlot,,,,,,,,,,,,Red,Table,13,16~18,SWEET1,ACIDITY4,BODY3,TANNIN3,2003,750
167420,"Les Parcellaire de Saulx, Gevrey Chambertin 1er cru 'Les Corbeaux'",Les Parcellaires de Saulx,France,Bourgogne,Cote de Nuits,GevreyChambertin,,Pinot Noir,,,,,,,,,,,,Red,Table,,,SWEET1,ACIDITY4,BODY4,TANNIN3,2018,750
155873,Mounts Cabernet Sauvignon Clone 337,Mounts Family Vineyards,USA,California,Sonoma County,Dry Creek Valley,,Cabernet Sauvignon,,,,,,,,,,,,Red,Table,15.2,16~18,SWEET1,ACIDITY3,BODY3,TANNIN3,2011,750
163752,"Balthasar Ress, Riesling Auslese Tube 100ml	",Balthasar Ress,Germany,Rheingau,,,,Riesling,,,,,,,,,,,,White,Table,,,SWEET3,ACIDITY5,BODY3,TANNIN1,2005,100
163639,"The Hilt, Vanguard Pinot Noir",The Hilt,USA,California,Santa Barbara County,Santa Rita Hills,,Pinot Noir,,,,,,,,,,,,Red,Table,14.1,14~16,SWEET1,ACIDITY3,BODY3,TANNIN2,2015,750
146472,Katnook Founder's Block Shiraz,Katnook Estate,Australia,South Australia,Coonawarra,,,Syrah & Shiraz,,,,,,,,,,,,Red,Table,14~15,16~18,SWEET1,ACIDITY3,BODY4,TANNIN4,2016,750
153178,"Domaine Matrot, Saint Romain ",Domain Matrot,France,Bourgogne,Cote de Beaune,SaintRomain,,Chardonnay,,,,,,,,,,,,White,"Appetizer, Table",,,SWEET1,ACIDITY4,BODY3,TANNIN1,2018,750
156399,Berberana Reserva seleccion Oro,Bodegas Berberana,Spain,,,,,Tempranillo,,,,,,,,,,,,Red,Table,13.5,16~18,SWEET1,ACIDITY3,BODY4,TANNIN3,2011,750
166890,"Meo Camuzet, Nuits Saint Georges 1er Cru",Domaine Meo Camuzet,France,Bourgogne,Cote de Nuits,NuitsStGeorges,,Pinot Noir,,,,,,,,,,,,Red,Table,,,SWEET1,ACIDITY4,BODY3,TANNIN3,2017,750
138798,"Champagne Henriot, Brut Millesime",Champagne Henriot,France,Champagne,,,,Pinot Noir,Chardonnay,,,,,,,,,,,Sparkling,"Appetizer, Table",12~13,6~8,SWEET1,ACIDITY5,BODY4,TANNIN1,2008,750
162173,Chateau les Grands Marechaux,Chateau les Marechaux,France,Bordeaux,,,,Merlot,Cabernet Franc,Cabernet Sauvignon,,,,,,,,,,Red,Table,,,SWEET1,ACIDITY3,BODY4,TANNIN4,2011,750
152800,"Sanama, Chardonnay",Sanama,Chile,Rapel Valley,,,,Chardonnay,,,,,,,,,,,,White,Table,,,SWEET1,ACIDITY3,BODY3,TANNIN1,2014,750
162513,"Casal Garcia, Vinho Verde Sparkling White",Aveleda,Portugal,Vinho Verde,,,,Loureiro,Arinto,,,,,,,,,,,Sparkling,"Appetizer, Table",11~12,6~8,SWEET2,ACIDITY4,BODY2,TANNIN1,0,750
151961,Baile Bravo Sweet White,Bodegas Milenium SL,Spain,Ribeiro,,,,Blend,,,,,,,,,,,,White,"Appetizer, Dessert",11,10~12,SWEET5,ACIDITY2,BODY1,TANNIN1,0,750
168135,"Bella Vineyards, Petite Sirah",Bella Vineyards,USA,California,Sonoma County,Sonoma Coast,,Petite Sirah,,,,,,,,,,,,Red,Table,15~16,16~18,SWEET1,ACIDITY3,BODY4,TANNIN4,2015,750
162401,"Paul Hobbs, Russian River Valley Pinot Noir",Paul Hobbs,USA,California,Sonoma County,,,Pinot Noir,,,,,,,,,,,,Red,Table,14~15,16~18,SWEET1,ACIDITY4,BODY4,TANNIN3,2016,750
168607,"Marchand Tawse, Charmes Chambertin",Marchand Tawse,France,Bourgogne,Cote de Nuits,,,Pinot Noir,,,,,,,,,,,,Red,Table,,,SWEET1,ACIDITY4,BODY3,TANNIN3,2018,750
162168,"Mathis, Uberblend",Mathis Winery,USA,California,Sonoma County,Sonoma Valley,,Petite Sirah,Grenache,Carignan,Alicante Bouschet,,,,,,,,,Red,Table,,,SWEET1,ACIDITY3,BODY5,TANNIN3,2013,750
146687,Tesco French White,Val Dorbieu,France,Southern France,Languedoc Roussillon,Ugni blanc,,Bourboulenc,Colombard,,,,,,,,,,,White,Table,11.5,16~18,SWEET1,ACIDITY3,BODY2,TANNIN1,0,750
157448,Splendid Sparkling Extra Dry,Josef Drathen,Germany,MoselSaarRuwer,,,,Riesling,,,,,,,,,,,,Sparkling,Appetizer,12,6~8,SWEET1,ACIDITY5,BODY3,TANNIN1,0,750
145275,Chateau Desmirail,Chateau Desmirail Grand Cru Classe3rd Cru,France,Bordeaux,Margaux,,,Cabernet Sauvignon,Merlot,Cabernet Franc,,,,,,,,,,Red,Table,13~14,16~18,SWEET1,ACIDITY4,BODY4,TANNIN4,2017,750
161128,Clemens Busch Marienburg 1 Lage Beerenauslese,Clemens Busch,Germany,MoselSaarRuwer,Bereich Bernkastel,,,Riesling,,,,,,,,,,,,White,Dessert,,,SWEET5,ACIDITY3,BODY5,TANNIN1,2018,750
155593,"Atalon, Puilines Cuvee",Atalon,USA,California,Napa County,Napa Valley,,Cabernet Sauvignon,Merlot,,,,,,,,,,,Red,Table,13.7,18~19,SWEET1,ACIDITY3,BODY4,TANNIN5,2011,750
140001,"Ciacci Piccolomini d'Aragona, Montecucco",Ciacci Piccolomini dAragona,Italy,Toscana,Maremma,,,,,,,,,,,,,,,,Table,13.5,16~18,SWEET1,ACIDITY3,BODY4,TANNIN3,2006,750
165366,"Stemberger, Vitovska",Stemberger,Slovenia,Kras Kras,,,,Vitovska,,,,,,,,,,,,White,Table,,,SWEET1,ACIDITY3,BODY3,TANNIN1,2016,750
148948,"Comte Georges de Vogue, Bonnes Mares Grand Cru",Domaine Comte Georges de Vogue,France,Bourgogne,Cote de Nuits,MoreyStDenis,,Pinot Noir,,,,,,,,,,,,Red,Table,13,15~16,SWEET1,ACIDITY4,BODY4,TANNIN3,2001,750
165732,"Montgras, Aura Chardonnay",Vina Montgras,Chile,Central Valley,,,,Chardonnay,,,,,,,,,,,,White,Table,12~13,8~10,SWEET1,ACIDITY3,BODY2,TANNIN1,2018,750
137873,Labastide Dauzac,Chateau Dauzac Grand Cru Classe5th Cru,France,Bordeaux,Margaux,,,Cabernet Sauvignon,Merlot,,,,,,,,,,,Red,Table,13~14,16~18,SWEET1,ACIDITY3,BODY4,TANNIN4,2016,750
161906,"Cantine Povero, Moscato d'Asti 'Campo del Palio'",Cantine Povero,Italy,Piemonte,Asti,,,Moscato,,,,,,,,,,,,White,Dessert,5.5,6~8,SWEET4,ACIDITY2,BODY2,TANNIN1,2017,750
146979,"Tosti, Moscato d'Asti  ",Tosti,Italy,Piemonte,Asti,,,Moscato,,,,,,,,,,,,White,"Table, Dessert",5.5,6~8,SWEET4,ACIDITY2,BODY2,TANNIN1,0,750
153830,"Querciabella, Mongrana Maremma Toscana Rosso",Querciabella,Italy,Toscana,Maremma,,,Sangiovese,Merlot,Cabernet Sauvignon,,,,,,,,,,Red,Table,13~14,17~19,SWEET1,ACIDITY3,BODY3,TANNIN3,2011,750
152172,"Assailly, Champagne Cuvee de Reserve Brut Blanc de Blancs Grand Cru ",Champagne AssaillyLeclaire  Fils,France,Champagne,Cote des Blancs,,,Chardonnay,,,,,,,,,,,,Sparkling,Table,,,SWEET1,ACIDITY5,BODY3,TANNIN1,0,375
151312,Domaine Charvin Cotes du Rhone,Domaine Charvin,France,Rhone,Cotes du Rhone,,,Grenache,Syrah & Shiraz,mourvedre,,,,,,,,,,Red,Table,13,16~18,SWEET1,ACIDITY3,BODY3,TANNIN3,2009,750
160301,Le Petit Lion de Leoville Las Cases,Chateau LeovilleLasCases Grand Cru Classe2nd Cru,France,Bordeaux,SaintJulien,,,Merlot,Cabernet Sauvignon,Cabernet Franc,,,,,,,,,,Red,Table,13~14,16~18,SWEET1,ACIDITY4,BODY4,TANNIN3,2017,750
163138,"Stemberger, Robinia 'Orange Wine'",Stemberger,Slovenia,Laski Rizling,,,,Rebula,,,,,,,,,,,,White,Table,13,10~12,SWEET1,ACIDITY3,BODY3,TANNIN1,2013,750
153282,"Pierre Ferraud, CREMANT DE BOURGOGNE",Pierre Ferraud et Fils,France,Bourgogne,,,,Blend,,,,,,,,,,,,Sparkling,Table,,,SWEET1,ACIDITY5,BODY1,TANNIN1,0,750
168449,"Landmark, Overlook Chardonnay ",Landmark,USA,California,Sonoma County,,,Chardonnay,,,,,,,,,,,,White,"Appetizer, Table",14~15,10~12,SWEET1,ACIDITY3,BODY3,TANNIN1,2018,750
149887,"Icardi, La Rosa Selvatica Moscato d'Asti",Icardi,Italy,Piemonte,Asti,,,Moscato Bianco,,,,,,,,,,,,White,"Appetizer, Dessert",5~6,9~10,SWEET4,ACIDITY2,BODY3,TANNIN1,2016,750
154248,"Bibi Graetz, Soffocone di Vincigliata",Bibi Graetz  Testamatta,Italy,Toscana,,,,Sangiovese,Colorino,Canaiolo,,,,,,,,,,Red,Table,13~14,16~18,SWEET1,ACIDITY3,BODY4,TANNIN3,2016,750
154514,"Barone Ricasoli, Chianti del Barone Ricasoli",Barone Ricasoli,Italy,Toscana,Chianti,,,Sangiovese,,,,,,,,,,,,Red,Table,13,16~18,SWEET1,ACIDITY4,BODY3,TANNIN3,2013,750
138474,"Armagnac de Montal, Exclusive VSOP",Armagnac de Montal,France,Armagnac,,,,,,,,,,,,,,,,,Dessert,,,SWEET1,ACIDITY1,BODY5,TANNIN1,0,750
146880,"Simonnet-Febvre, Chablis Grand Cru 'Les Clos'",SimonnetFebvre,France,Bourgogne,Chablis,,,Chardonnay,,,,,,,,,,,,White,Table,12.5~13.5,10~12,SWEET1,ACIDITY4,BODY3,TANNIN1,2012,750
153029,Chateau La Croix Saint-Estephe,Chateau Le Crock,France,Bordeaux,Saint Estephe,,,Cabernet Sauvignon,Merlot,Cabernet Franc,Petit Verdot,,,,,,,,,Red,Table,12.5,16~18,SWEET1,ACIDITY3,BODY4,TANNIN5,2006,750
148120,"L'accorde, Grand Reserve",Royal Wine Corp,USA,New York State,,,,Concord,,,,,,,,,,,,Red,Dessert,12~13,14~16,SWEET4,ACIDITY2,BODY2,TANNIN3,0,750
142825,"Simi, Merlot",Simi Winery,USA,California,Sonoma County,,,Merlot,,,,,,,,,,,,Red,Table,13.5,16~18,SWEET1,ACIDITY3,BODY4,TANNIN3,2004,750
155243,Steinmuhle Huxelrebe Auslese,Weingut Steinmuhle,Germany,Rheinhessen,,,,Huxelrebe,,,,,,,,,,,,White,Dessert,,,SWEET4,ACIDITY2,BODY3,TANNIN1,2015,500
153953,"Au Bon Climat, Pinot noir",Au Bon Climat,USA,California,Santa Barbara County,,,Pinot Noir,,,,,,,,,,,,Red,Table,13.5,16~18,SWEET1,ACIDITY3,BODY3,TANNIN2,2017,750
152241,"JAQK Cellars, Pearl Handle Chardonnay ",JAQK Cellars,USA,California,Napa County,Napa Valley,,Chardonnay,,,,,,,,,,,,White,Table,,,SWEET1,ACIDITY3,BODY3,TANNIN1,2008,750
167094,"Vina Terrapura, Reserva Merlot",Vina Terrapura,Chile,Curico Valley,,,,Merlot,,,,,,,,,,,,Red,Table,14,16~18,SWEET1,ACIDITY3,BODY4,TANNIN3,2018,750
152365,"Grant Burge, Meshach Shiraz ",Grant Burge,Australia,South Australia,Barossa Valley,,,Syrah & Shiraz,,,,,,,,,,,,Red,Table,14~15,16~18,SWEET1,ACIDITY3,BODY5,TANNIN5,2013,750
144341,"Domaine Jean Grivot, Nuits Saint Georges 1er Cru Les Boudots",Domaine Jean Grivot,France,Bourgogne,Cote de Nuits,NuitsStGeorges,,Pinot Noir,,,,,,,,,,,,Red,Table,,,SWEET1,ACIDITY4,BODY2,TANNIN2,2004,750
155794,"Robert Oatley, Signature Series Chardonnay",Robert Oatley,Australia,Western Australia,Margaret River,,,Chardonnay,,,,,,,,,,,,White,Table,,,SWEET1,ACIDITY3,BODY3,TANNIN1,2013,750
137961,"Castello di Ama, Rosato",Castello di Ama,Italy,Toscana,,,,Sangiovese,Merlot,,,,,,,,,,,Rose,Table,13,11~13,SWEET1,ACIDITY3,BODY2,TANNIN1,2014,750
161516,Santa Margherita Prosecco Brut,Santa Margherita,Italy,Veneto,Valdobbiadene,,,Glera,,,,,,,,,,,,Sparkling,Table,,,SWEET1,ACIDITY3,BODY3,TANNIN1,0,750
145547,Chateau Bergat,Borie Manoux,France,Bordeaux,SaintEmilion Grand Cru,,,Merlot,Cabernet Franc,Cabernet Sauvignon,,,,,,,,,,Red,Table,13,16~18,SWEET1,ACIDITY4,BODY4,TANNIN3,2007,750
145430,"Gager, Cablot",Gager,Austria,Burgenland,Mittelburgenland,,,Cabernet Sauvignon,Merlot,,,,,,,,,,,Red,Table,14,16~18,SWEET1,ACIDITY3,BODY5,TANNIN4,2005,750
147671,"Misiones de Rengo, Cuvee Chardonnay",Vina Misiones de Rengo,Chile,Aconcagua,Casablanca Valley,,,Chardonnay,,,,,,,,,,,,White,Table,14,8~10,SWEET1,ACIDITY3,BODY3,TANNIN1,2009,750
149518,Binekhi Tsinandali,Vazi,Georgia,,,,,Rkatsiteli,Etc,,,,,,,,,,,White,Table,12,10~12,SWEET1,ACIDITY4,BODY2,TANNIN1,2007,750
161256,"Hardys, Limited Cellar Release, Shiraz",Hardys,Australia,South Australia,McLaren Vale,,,Syrah & Shiraz,,,,,,,,,,,,Red,Table,14.5,16~18,SWEET1,ACIDITY3,BODY4,TANNIN4,2017,750
158747,Cesari Boscarel,Cesari,Italy,Veneto,,,,Merlot,Cabernet Sauvignon,Sangiovese,,,,,,,,,,Red,Table,13.5,16~18,SWEET1,ACIDITY3,BODY3,TANNIN3,2016,750
148869,"Evergreen Vineyards, Spruce Goose Oregon Pinot Gris",Evergreen Vineyards,USA,Oregon,Willamette Valley,,,Pinot Gris,,,,,,,,,,,,White,Table,13.9,10~12,SWEET1,ACIDITY4,BODY3,TANNIN1,2006,750
146666,"Tabali, Reserva Especial Red Blend",Vina Tabali,Chile,Coquimbo,Limari Valley,,,Syrah & Shiraz,Cabernet Sauvignon,Merlot,,,,,,,,,,Red,Table,14.5,16~18,SWEET1,ACIDITY3,BODY4,TANNIN4,2006,750
147257,Historical XIXth Century Wine,Chateau Palmer Grand Cru Classe3rd Cru,France,Bordeaux,,,,Blend,,,,,,,,,,,,Red,Table,13~14,14~18,SWEET1,ACIDITY3,BODY4,TANNIN1,0,750
155426,"Gancia, Prosecco",Gancia,Italy,Veneto,,,,Prosecco,,,,,,,,,,,,Sparkling,"Appetizer, Table",11~12,6~8,SWEET2,ACIDITY3,BODY3,TANNIN1,0,750
137954,"Campo Viejo, Viura",Campo Viejo,Spain,Rioja,,,,Viura,,,,,,,,,,,,White,Table,12.5,10~12,SWEET1,ACIDITY4,BODY2,TANNIN1,2004,750
144076,"Billecart Salmon, Blanc de Blancs",BillecartSalmon,France,Champagne,,,,Blend,,,,,,,,,,,,Sparkling,Appetizer,,,SWEET1,ACIDITY5,BODY3,TANNIN1,0,750
161911,Frank Cornelissen Munjebel Rosso MC,Frank Cornelissen,Italy,Sicilia,,,,Nerello Mascalese,,,,,,,,,,,,Red,Table,,,SWEET1,ACIDITY4,BODY4,TANNIN3,0,0
166655,"Head, Red Shiraz",Head,Australia,South Australia,Barossa Valley,,,Syrah & Shiraz,Mataro,Touriga Nacional,Grenache,,,,,,,,,Red,Table,13~14,15~17,SWEET1,ACIDITY4,BODY5,TANNIN4,2015,750
147971,"Bleasdale, Holdfast Chardonnay",Bleasdale,Australia,South Australia,Langhorne Creek,,,Chardonnay,,,,,,,,,,,,White,"Appetizer, Table",13.5,10~12,SWEET1,ACIDITY3,BODY3,TANNIN1,2009,750
151621,"Terramater, Mater",TerraMater,Chile,Maipo Valley,,,,Blend,,,,,,,,,,,,Red,Table,,,SWEET1,ACIDITY3,BODY4,TANNIN5,2006,750
162734,"GCF, Fruits de Mer",GCF  GCF Group,France,Bordeaux,EntreDeuxMers,,,Sauvignon blanc,Etc,,,,,,,,,,,White,"Appetizer, Table",12~13,8~10,SWEET1,ACIDITY3,BODY2,TANNIN1,2018,750
152344,"Grant Burge, Benchmark Shiraz ",Grant Burge,Australia,South Australia,,,,Syrah & Shiraz,,,,,,,,,,,,Red,Table,14~15,16~18,SWEET1,ACIDITY3,BODY4,TANNIN3,2019,750
149131,"Domaine Perrot Minot, Charmes Chambertin Grand Cru",Domaine Perrot Minot,France,Bourgogne,Cote de Nuits,GevreyChambertin,,Pinot Noir,,,,,,,,,,,,Red,Table,13,15~17,SWEET1,ACIDITY4,BODY4,TANNIN3,2007,750
149707,"Henschke, Lenswood Croft Chardonnay",Henschke,Australia,South Australia,Barossa Valley,,,Chardonnay,,,,,,,,,,,,White,Table,13,10~12,SWEET1,ACIDITY4,BODY4,TANNIN1,2010,750
156188,Canard Duchene Authentic Vintage,Canard Duchene,France,Champagne,,,,,,,,,,,,,,,,,Appetizer,12,6~8,SWEET1,ACIDITY5,BODY5,TANNIN1,2005,750
141184,"Crotta, Semi Sweet White",Crotta,Argentina,Mendoza,,,,Blend,,,,,,,,,,,,White,"Table, Dessert",13,8~10,SWEET3,ACIDITY2,BODY2,TANNIN1,2006,750
152984,"Josef Drathen, Nollen Erben Dornfelder Sweet",Josef Drathen,Germany,Rheinhessen,,,,Dornfelder,,,,,,,,,,,,Red,"Table, Dessert",,,SWEET5,ACIDITY2,BODY3,TANNIN3,2012,750
141319,"Sileni, Cellar Selection Sauvignon Blanc",Sileni Estate,New Zealand,South Island,Marlborough,,,Sauvignon blanc,,,,,,,,,,,,White,Table,13,10~12,SWEET1,ACIDITY4,BODY2,TANNIN1,2018,750
144948,"Yalumba, Y Series Riesling",Yalumba,Australia,South Australia,,,,Riesling,,,,,,,,,,,,White,Table,,,SWEET1,ACIDITY2,BODY3,TANNIN1,2019,750
147698,"Kenneth Kim, Muscat Sherry",Kenneth Kim Vineyards,Korea,,,,,Muscat,,,,,,,,,,,,Fortified,"Appetizer, Dessert",15.1,10~12,SWEET4,ACIDITY3,BODY5,TANNIN1,0,750
161210,"Montgras, Reserva Pinot Noir",Vina Montgras,Chile,Aconcagua,Leyda Valley,,,Pinot Noir,,,,,,,,,,,,Red,Table,13~14,15~17,SWEET1,ACIDITY4,BODY3,TANNIN2,2017,750
168064,"3 Chateau, Pinot Noir Saint Guilhem",3  Vignobles des 3 Chateaux,France,Southern France,Languedoc Roussillon,,,Pinot Noir,,,,,,,,,,,,Red,Table,,,SWEET1,ACIDITY4,BODY3,TANNIN3,2018,750
145798,"Domaine Alain Voge, St Joseph Les Vinsonnes",Domaine Alain Voge,France,Rhone,SaintJoseph,,,Syrah & Shiraz,,,,,,,,,,,,Red,Table,13,15~17,SWEET1,ACIDITY3,BODY3,TANNIN3,2006,750
149598,"Scagliola, Primo fiore Moscato d'Asti",Scagliola Azienda Agricola,Italy,Piemonte,Asti,,,Moscato,,,,,,,,,,,,White,"Appetizer, Dessert",,,SWEET4,ACIDITY2,BODY2,TANNIN1,0,750
156165,Walter Hansel South Slope Pinot Noir,Walter Hansel Winery,USA,California,Sonoma County,Russian River Valley,,Pinot Noir,,,,,,,,,,,,Red,Table,,,SWEET1,ACIDITY3,BODY4,TANNIN3,2016,750
168071,Fleur de Napa Sauvignon Blanc,Napa Wine Arts,USA,California,Napa County,Napa Valley,,Sauvignon blanc,,,,,,,,,,,,White,"Appetizer, Table",14~15,8~10,SWEET1,ACIDITY4,BODY2,TANNIN1,2019,750
168303,"Henri Giraud, Fût de Chêne MV series	",Champagne Henri Giraud,France,Champagne,,,,Pinot Noir,Chardonnay,,,,,,,,,,,Sparkling,Table,,,SWEET1,ACIDITY5,BODY3,TANNIN1,0,750
145572,"Majolini, Franciacorta Brut",Majolini,Italy,Lombardia,,,,Chardonnay,Pinot Nero,,,,,,,,,,,Sparkling,Appetizer,12.5,8~11,SWEET1,ACIDITY4,BODY2,TANNIN1,0,750
155240,Steinmuhle Riesling Feinherb,Weingut Steinmuhle,Germany,Rheinhessen,,,,Riesling,,,,,,,,,,,,White,Table,,,SWEET2,ACIDITY5,BODY3,TANNIN1,2016,750
166560,"Innova, Red",Bodegas Hispanicas Reunidas,Spain,Toro,,,,Tempranillo,,,,,,,,,,,,Red,Table,13~14,15~17,SWEET1,ACIDITY3,BODY3,TANNIN3,0,750
149133,"Domaine Alain Hudelot Noellat, Chambolle Musigny",Domaine Alain Hudelot Noellat,France,Bourgogne,Cote de Nuits,Chambolle Musigny,,Pinot Noir,,,,,,,,,,,,Red,Table,13,15~17,SWEET1,ACIDITY4,BODY2,TANNIN2,2006,750
142957,Louis Chevallier XO,France Etc,France,,,,,Blend,,,,,,,,,,,,Hard,Dessert,40,20,SWEET1,ACIDITY1,BODY3,TANNIN1,0,700
141086,"Allegrini, Palazzo Della Torre",Allegrini,Italy,Veneto,,,,Corvina Veronese,Rondinella,Sangiovese,,,,,,,,,,Red,Table,13~14,16~18,SWEET1,ACIDITY3,BODY4,TANNIN3,2016,750
149198,"Pegasus Bay, Pinot Noir",Pegasus Bay,New Zealand,South Island,Waipara Valley,,,Pinot Noir,,,,,,,,,,,,Red,Table,14,15~17,SWEET1,ACIDITY5,BODY3,TANNIN3,2006,750
142466,"Castello Banfi, Sant'Antimo Excelsus",Castello Banfi,Italy,Toscana,,,,Cabernet Sauvignon,Merlot,,,,,,,,,,,Red,Table,13~14,16~18,SWEET1,ACIDITY4,BODY4,TANNIN4,2015,750
155741,"Domaine Felettig, Chambolle Musigny",Gilbert et Christine Felettig,France,Bourgogne,Cote de Nuits,Chambolle Musigny,,Pinot Noir,,,,,,,,,,,,Red,Table,,,SWEET1,ACIDITY3,BODY3,TANNIN2,2017,750
150586,"Speri, Valpolicella Classico Superiore 'Sant'Urbano'",Speri Viticoltori,Italy,Veneto,Valpolicella,,,Corvina,Rondinella,Molinara,Etc,,,,,,,,,Red,Table,13~14,16~18,SWEET1,ACIDITY3,BODY5,TANNIN4,2015,750
163188,"Wente, Beyer Ranch Cabernet Sauvignon",Wente Vineyards,USA,California,Alameda County,Livermore Valley,,Cabernet Sauvignon,,,,,,,,,,,,Red,Table,13.5,17~19,SWEET1,ACIDITY3,BODY3,TANNIN3,2013,750
162591,"Bruno Giacosa, Nebbiolo d’Alba",Bruno Giacosa,Italy,Piemonte,,,,Nebbiolo,,,,,,,,,,,,Red,Table,14~15,16~18,SWEET1,ACIDITY3,BODY4,TANNIN3,2018,750
147844,"Distell, Table Mountain Natural Sweet Red",Distell,the Republic of South Africa,,,,,Blend,,,,,,,,,,,,Red,Dessert,7.5,13~15,SWEET4,ACIDITY3,BODY2,TANNIN3,0,750
161703,Long Barn Merlot,CaMomi,USA,California,,,,Merlot,,,,,,,,,,,,Red,Table,13.5,16~18,SWEET1,ACIDITY3,BODY4,TANNIN4,2019,750
153956,"Firesteed, Willmette Valley Pinot Noir",Firesteed,USA,Oregon,Willamette Valley,,,Pinot Noir,,,,,,,,,,,,Red,Table,13~14,14~16,SWEET1,ACIDITY4,BODY2,TANNIN2,2015,750
151344,"Chateau Los Boldos, 70 My Generation ",Chateau Los Boldos,Chile,Rapel Valley,Cachapoal Valley,,,Cabernet Sauvignon,,,,,,,,,,,,Red,Table,13.5,15~17,SWEET1,ACIDITY3,BODY5,TANNIN4,2010,750
152322,"Vigneti del Vulture, Pipoli Greco-Fiano",Vigneti del Vulture,Italy,Basilicata,,,,Greco Bianco,Fiano,,,,,,,,,,,White,Table,,,SWEET1,ACIDITY3,BODY3,TANNIN1,2017,750
156832,Two Vines Chardonnay,Two Vines,USA,Washington State,,,,Chardonnay,Etc,,,,,,,,,,,White,"Appetizer, Table",13.5,10~12,SWEET1,ACIDITY4,BODY2,TANNIN1,2017,750
150860,"Fonte, Moscato Spumante",Fonte,Italy,Piemonte,,,,Moscato,,,,,,,,,,,,Sparkling,"Appetizer, Dessert",7~8,6~8,SWEET4,ACIDITY2,BODY2,TANNIN1,0,750
145922,"Villard, Tanagra",Villard Estate,Chile,Aconcagua,Casablanca Valley,,,Syrah & Shiraz,,,,,,,,,,,,Red,Table,14.5,17~19,SWEET1,ACIDITY4,BODY4,TANNIN4,2009,750
164143,Agricola Punica Montessu,Agricola Punica,Italy,Sardegna,,,,Carignano,Cabernet Sauvignon,Merlot,Syrah & Shiraz,Cabernet Franc,,,,,,,,Red,Table,14~15,15~17,SWEET1,ACIDITY3,BODY3,TANNIN3,2017,750
158491,"Antinori, Villa Antinori Chianti Classico Riserva ",Marchesi Antinori,Italy,Toscana,Chianti,,,Sangiovese,Etc,,,,,,,,,,,Red,Table,14,16~18,SWEET1,ACIDITY3,BODY3,TANNIN3,2016,750
141605,"Patrice Rion, Bourgogne Pinot Noir",Domaine Michelle et Patrice Rion,France,Bourgogne,,,,Pinot Noir,,,,,,,,,,,,Red,Table,,,SWEET1,ACIDITY3,BODY2,TANNIN2,2017,750
141668,Chateau Cheval Blanc,Chateau Cheval Blanc 1st Grand Cru ClasseA,France,Bordeaux,SaintEmilion Grand Cru,,,Merlot,Cabernet Franc,Cabernet Sauvignon,,,,,,,,,,Red,Table,12~13,16~18,SWEET1,ACIDITY4,BODY4,TANNIN4,2017,750
155722,Fleury Sonate No9 Opus 10  Extra Brut,Fleury,France,Champagne,,,,Pinot Noir,Chardonnay,,,,,,,,,,,Sparkling,"Appetizer, Table",,,SWEET1,ACIDITY5,BODY4,TANNIN1,0,0
157130,Cantine Gemma Barolo Colarej,Cantine Gemma,Italy,Piemonte,Barolo,,,Nebbiolo,,,,,,,,,,,,Red,Table,14,16~18,SWEET1,ACIDITY4,BODY3,TANNIN4,2008,750
145460,"Vincent Girardin, Bourgogne Pinot Noir Vieilles Vignes",Vincent Girardin,France,Bourgogne,,,,Pinot Noir,,,,,,,,,,,,Red,Table,,,SWEET1,ACIDITY5,BODY3,TANNIN2,2008,750
152146,Jacqueline Brut,Camus Wine  Spirit  Jacqueline,France,Bourgogne,Cote Chalonnaise,,,Airen,Ugni​ blanc,Colombard,,,,,,,,,,Sparkling,Table,,,SWEET1,ACIDITY5,BODY2,TANNIN1,0,750
141767,Panul Carmenere Reserve,Vinedos Errazuriz Ovalle SA,Chile,Rapel Valley,,,,Carmenere,,,,,,,,,,,,Red,Table,13.5,16~18,SWEET2,ACIDITY3,BODY3,TANNIN3,2014,750
138893,"Neil Ellis, Cabernet Sauvignon-Merlot",Neil Ellis,the Republic of South Africa,Coastal Region,Stellenbosch,,,Cabernet Sauvignon,Merlot,,,,,,,,,,,Red,Table,14.5,16~18,SWEET1,ACIDITY4,BODY4,TANNIN4,2010,750
146559,"Terra Andina, Varietal Cabernet Sauvignon",Terra Andina,Chile,Central Valley,,,,Cabernet Sauvignon,,,,,,,,,,,,Red,Table,13.5,16~18,SWEET1,ACIDITY3,BODY3,TANNIN3,2008,750
159013,Louis Latour Batard Montrachet Grand Cru,Louis Latour,France,Bourgogne,Cote de Beaune,,,Chardonnay,,,,,,,,,,,,White,Table,13,10~12,SWEET1,ACIDITY5,BODY4,TANNIN1,2010,750
155549,Domaine Philippe Vandelle Vin Jaune,Domaine Philippe Vandelle,France,Jura,,,,Savagnin,,,,,,,,,,,,White,Table,,,SWEET2,ACIDITY5,BODY4,TANNIN1,2007,620
150469,Prince de La Riviere,Chateau de La Riviere,France,Bordeaux,Bordeaux Superieur,,,Merlot,Cabernet Sauvignon,,,,,,,,,,,Red,Table,15,16~18,SWEET1,ACIDITY3,BODY3,TANNIN3,2010,750
155630,"Pio Cesare, Il Bricco Barbaresco",Pio Cesare,Italy,Piemonte,Barbaresco,,,Nebbiolo,,,,,,,,,,,,Red,Table,14~15,16~18,SWEET1,ACIDITY4,BODY4,TANNIN5,2014,750
153712,Amuse Bouche Heidi Barrett,Amuse Bouche,USA,California,Napa County,Napa Valley,,Merlot,Cabernet Sauvignon,,,,,,,,,,,Red,Table,,,SWEET1,ACIDITY3,BODY4,TANNIN4,2008,750
145241,Villa Cafaggio Cortaccio,Villa Cafaggio,Italy,Toscana,,,,Cabernet Sauvignon,,,,,,,,,,,,Red,Table,14,16~18,SWEET1,ACIDITY3,BODY4,TANNIN5,2000,750
141610,"Patrice Rion, Nuits Saint Geroges 1er Cru Blanc Les Terres Blanches",Domaine Michelle et Patrice Rion,France,Bourgogne,Cote de Nuits,NuitsStGeorges,,Chardonnay,Pinot Blanc,,,,,,,,,,,White,Table,,,SWEET1,ACIDITY3,BODY4,TANNIN1,2017,750
158172,Faiveley Meursault,Faiveley Domaine Faiveley,France,Bourgogne,Cote de Beaune,Meursault,,Chardonnay,,,,,,,,,,,,White,Table,,,SWEET1,ACIDITY4,BODY4,TANNIN1,2015,750
163266,"Oddero, Barolo Bussia Reserva 'Vigna Mondoca'",Oddero,Italy,Piemonte,Barolo,,,Nebbiolo,,,,,,,,,,,,Red,Table,14~15,16~18,SWEET1,ACIDITY4,BODY4,TANNIN5,2013,750
145757,"Laurent Perrier, Cuvee Rose Brut",Laurent Perrier,France,Champagne,,,,Pinot Noir,,,,,,,,,,,,Sparkling,"Appetizer, Table",12,8~10,SWEET1,ACIDITY5,BODY3,TANNIN1,0,750
141061,"Villa Maria, Cellar Selection Merlot Cabernet Sauvignon",Villa Maria,New Zealand,North Island,Hawkes Bay,,,Merlot,Cabernet Sauvignon,,,,,,,,,,,Red,Table,13.5,16~18,SWEET1,ACIDITY4,BODY3,TANNIN4,2011,750
156893,Marrenon Orca Ventoux,Marrenon Cellier de Marrenon,France,Rhone,Ventoux,,,Grenache,Syrah & Shiraz,,,,,,,,,,,Red,Table,,,SWEET1,ACIDITY3,BODY4,TANNIN3,2017,750
151857,"Vergelegen, Cabernet Sauvignon",Vergelegen,the Republic of South Africa,Coastal Region,Stellenbosch,,,Cabernet Sauvignon,Merlot,Cabernet Franc,,,,,,,,,,Red,Table,15,16~18,SWEET1,ACIDITY4,BODY4,TANNIN4,2007,750
152108,"Giesen, Marlborough Pinot Noir",Giesen Wines,New Zealand,South Island,Marlborough,,,Pinot Noir,,,,,,,,,,,,Red,Table,13.5,13~15,SWEET1,ACIDITY5,BODY3,TANNIN3,2016,750
166126,"Domaine Laurent Roumier, Chambolle Musigny 1er cru Les Charmes",Domaine Laurent Roumier,France,Bourgogne,Cote de Nuits,Chambolle Musigny,,Pinot Noir,,,,,,,,,,,,Red,Table,,,SWEET1,ACIDITY3,BODY4,TANNIN4,2018,750
165308,"Vidigal Winery, Porta 6 Branco",Vidigal Winery,Portugal,Lisboa,,,,Fernao Pires,Arinto,Moscatel,,,,,,,,,,White,Table,12~13,8~10,SWEET1,ACIDITY3,BODY3,TANNIN1,0,750
163789,"Framingham, Classic Riesling  ",Framingham,New Zealand,South Island,Marlborough,,,Riesling,,,,,,,,,,,,White,"Appetizer, Table",12~13,8~10,SWEET2,ACIDITY4,BODY3,TANNIN1,2016,750
163736,"Silver Ghost, Special Edition Cabernet Sauvignon",Silver Ghost,Chile,Central Valley,,,,Cabernet Sauvignon,,,,,,,,,,,,Red,Table,,,SWEET1,ACIDITY4,BODY4,TANNIN4,2019,750
149988,"Tall horse, Shiraz",Tall Horse,the Republic of South Africa,Cape South Coast,,,,Syrah & Shiraz,,,,,,,,,,,,Red,Table,13.5,16~18,SWEET1,ACIDITY4,BODY2,TANNIN4,2008,750
158738,Napa Angel Aurelio's Selection Cabernet Sauvignon,Napa Angel by Montes,USA,California,Napa County,Napa Valley,,Cabernet Sauvignon,,,,,,,,,,,,Red,Table,,,SWEET1,ACIDITY4,BODY5,TANNIN5,2007,750
152914,Gatt Old Vine Shiraz,Gatt Wines,Australia,South Australia,Barossa Valley,,,Syrah & Shiraz,,,,,,,,,,,,Red,Table,,,SWEET1,ACIDITY4,BODY5,TANNIN4,2010,750
148160,"Arnold Palmer, Cabernet Sauvignon",Arnold Palmer,USA,Cabernet Sauvignon,,,,,,,,,,,,,,,,Red,Table,14.1,16~18,SWEET1,ACIDITY4,BODY4,TANNIN4,2007,750
151875,"Andeluna, 1300 Torrontes",Andeluna  Bodega Andeluna,Argentina,Mendoza,,,,Torrontes,,,,,,,,,,,,White,"Appetizer, Table",,,SWEET1,ACIDITY4,BODY2,TANNIN1,2018,750
141337,"Extremena, Monasterio de Tentudia",Vina Extremena,Spain,,,,,Tempranillo,,,,,,,,,,,,Red,Table,,,SWEET1,ACIDITY3,BODY4,TANNIN3,2000,750
151453,"Kangarilla Road, Cabernet Sauvignon",Kangarilla Road,Australia,South Australia,McLaren Vale,,,Cabernet Sauvignon,,,,,,,,,,,,Red,Table,14,16~18,SWEET1,ACIDITY3,BODY4,TANNIN5,2011,750
156200,"Sensi, Chianti ",Sensi Sensi vini,Italy,Toscana,Chianti,,,Sangiovese,Canaiolo,,,,,,,,,,,Red,Table,13,16~18,SWEET1,ACIDITY4,BODY2,TANNIN2,2013,750
162670,Overture,Opus One,USA,California,Napa County,Napa Valley,,Cabernet Sauvignon,Merlot,Cabernet Franc,Petit Verdot,Malbec,,,,,,,,Red,Table,,,SWEET1,ACIDITY3,BODY4,TANNIN4,0,750
155228,"Valderiz, Roble",Valderiz,Spain,Ribera del Duero,,,,Tempranillo,,,,,,,,,,,,Red,Table,,,SWEET1,ACIDITY3,BODY4,TANNIN3,2017,750
142955,Genie XO,France Etc,France,,,,,Blend,,,,,,,,,,,,Hard,Dessert,40,20,SWEET1,ACIDITY1,BODY3,TANNIN1,0,500
155662,"Pagos del Rey, Condado de Oriza Crianza",Pagos del Rey,Spain,Ribera del Duero,,,,Tempranillo,,,,,,,,,,,,Red,Table,13.5,16~18,SWEET1,ACIDITY3,BODY4,TANNIN4,2011,750
168530,Orange Cattin Pinot Gris,Joseph Cattin,France,Alsace,,,,Pinot Gris,,,,,,,,,,,,White,"Appetizer, Table",,,SWEET1,ACIDITY5,BODY2,TANNIN1,2020,750
156796,"Staglin, Salus Cabernet Sauvignon",Staglin Family,USA,California,Napa County,Rutherford,,Cabernet Sauvignon,,,,,,,,,,,,Red,Table,,,SWEET1,ACIDITY4,BODY4,TANNIN5,2011,750
168079,"Dana Estates, Hershey Vineyard Sauvignon Blanc",Dana Estates,USA,California,Napa County,Napa Valley,,Sauvignon blanc,,,,,,,,,,,,White,"Appetizer, Table",14~15,16~18,SWEET1,ACIDITY3,BODY3,TANNIN1,2016,750
145852,"San Felice, Maremma White",San Felice,Italy,Toscana,Maremma,,,Vermentino,Sauvignon blanc,,,,,,,,,,,White,Table,13,10~12,SWEET1,ACIDITY3,BODY3,TANNIN1,2006,750
151103,"Sartori, Valpolicella Superiore I Saltari",Sartori,Italy,Veneto,,,,Corvina,Corvinone,Rondinella,Croatina,,,,,,,,,Red,Table,15,16~18,SWEET1,ACIDITY3,BODY4,TANNIN3,2008,750
149880,La Tosca Cabernet Sauvignon Reserva,Vina Peralillo,Chile,Rapel Valley,,,,Cabernet Sauvignon,,,,,,,,,,,,Red,Table,14,16~18,SWEET1,ACIDITY3,BODY4,TANNIN3,2007,750
146821,Laboure Roi Clos de Vougeot Grand Cru,Laboure Roi Domaine Laboure Roi,France,Bourgogne,Cote de Nuits,Vougeot,,Pinot Noir,,,,,,,,,,,,Red,Table,13,16~18,SWEET1,ACIDITY4,BODY4,TANNIN3,2004,750
146269,"Angove, Chalk Hill Blue Shiraz Cabernet",Angove,Australia,South Australia,,,,Syrah & Shiraz,Cabernet Sauvignon,,,,,,,,,,,Red,Table,14,16~18,SWEET1,ACIDITY3,BODY4,TANNIN3,2018,750
143754,"Domaine Joseph Roty, Gevrey Chambertin Cuvee de Champs Chenys",Domaine Joseph Roty,France,Bourgogne,Cote de Nuits,GevreyChambertin,,Pinot Noir,,,,,,,,,,,,Red,Table,,,SWEET1,ACIDITY4,BODY3,TANNIN2,2003,750
158928,"Trapiche, Iscay Syrah Viognier",Trapiche,Argentina,Mendoza,,,,Syrah & Shiraz,Viognier,,,,,,,,,,,Red,Table,14~15,16~18,SWEET1,ACIDITY3,BODY5,TANNIN4,2013,750
154675,Unico Sangiovese Riserva,Casa Vinicola Botter,Italy,EmiliaRomagna,,,,Sangiovese,,,,,,,,,,,,Red,Table,,,SWEET1,ACIDITY4,BODY2,TANNIN2,2016,750
157458,Alta Vista Premium Torrontes,Alta Vista,Argentina,Salta,Cafayate,,,Torrontes,,,,,,,,,,,,White,Table,13~14,8~10,SWEET1,ACIDITY3,BODY2,TANNIN1,2017,750
162575,"Cavallotto, Barbera d'Alba Superiore 'Vigna del Cuculo' ",Cantina Cavallotto,Italy,Piemonte,Alba,,,Barbera,,,,,,,,,,,,Red,Table,,,SWEET1,ACIDITY4,BODY3,TANNIN3,2018,750
168344,"Casas del Toqui, Contigo Cabernet Sauvignon ",Casas del Toqui,Chile,Central Valley,,,,Cabernet Sauvignon,,,,,,,,,,,,Red,Table,13~14,16~18,SWEET1,ACIDITY3,BODY3,TANNIN3,2020,750
140575,Valdivieso Single Vineyard Cabernet Sauvignon Reserve,Valdivieso,Chile,Maipo Valley,,,,Cabernet Sauvignon,,,,,,,,,,,,Red,Table,14.5,16~18,SWEET1,ACIDITY3,BODY5,TANNIN4,2015,750
166576,"Domaine Pre Baron, Touraine Sauvignon Blanc",Domaine Pre Baron,France,Loire,Touraine,,,Sauvignon blanc,,,,,,,,,,,,White,"Appetizer, Table",13~14,8~10,SWEET1,ACIDITY4,BODY1,TANNIN1,2018,750
152635,"Gunderloch, Fritz Riesling, Qualitatswein",Gunderloch,Germany,Rheinhessen,,,,Riesling,,,,,,,,,,,,White,Table,,,SWEET1,ACIDITY5,BODY2,TANNIN1,2012,750
166160,Marques de Casa Concha Etiqueta Negra,Concha y Toro,Chile,Maipo Valley,,,,Cabernet Sauvignon,Cabernet Franc,Petit Verdot,,,,,,,,,,Red,Table,14~15,15~17,SWEET1,ACIDITY3,BODY5,TANNIN5,2016,750
168528,San Zenone Rosso Toscana,Italian Wine Brands,Italy,Toscana,,,,Sangiovese,Cabernet Sauvignon,Merlot,,,,,,,,,,Red,Table,13~14,16~18,SWEET1,ACIDITY3,BODY3,TANNIN3,2018,750
161495,Traimari,Carlo Pellegrino,Italy,Sicilia,,,,Catarratto,Zibibbo,,,,,,,,,,,Sparkling,Appetizer,11,6~8,SWEET3,ACIDITY2,BODY2,TANNIN1,0,750
162476,"Berry Bros. & Rudd, Provence Rose",Berry Bros  Rudd,France,Southern France,Provence,,,Grenache,Cinsault,Syrah & Shiraz,mourvedre,,,,,,,,,Rose,Table,13,11~13,SWEET1,ACIDITY3,BODY2,TANNIN1,2016,750
151858,"Vergelegen, V",Vergelegen,the Republic of South Africa,Coastal Region,Stellenbosch,,,Cabernet Sauvignon,Merlot,Cabernet Franc,,,,,,,,,,Red,Table,14.5,16~18,SWEET1,ACIDITY4,BODY4,TANNIN4,2008,750
147504,"Arniston Bay, The Shore White",Arniston Bay,the Republic of South Africa,Western Cape,,,,Chenin Blanc,Colombard,Semillon,,,,,,,,,,White,Table,12.5,10~12,SWEET1,ACIDITY4,BODY3,TANNIN1,2008,750
144837,Concordia Reserva,Haciendas de Espana,Spain,Rioja,,,,Tempranillo,,,,,,,,,,,,Red,Table,13,16~18,SWEET1,ACIDITY3,BODY4,TANNIN3,2001,750
159021,Chapoutier Ermitage  De L’Oree White,M Chapoutier,France,Rhone,Hermitage,,,Marsanne,,,,,,,,,,,,White,Table,14.5,10~12,SWEET1,ACIDITY4,BODY4,TANNIN1,2012,750
166537,"Thomas Henry, Pinot Noir",Magito,USA,California,Sonoma County,,,Pinot Noir,,,,,,,,,,,,Red,Table,13~14,13~15,SWEET1,ACIDITY3,BODY3,TANNIN3,2016,750
161956,Florence by Aaldering White,Aaldering Vineyards  Wines,the Republic of South Africa,Western Cape,,,,Sauvignon blanc,Chardonnay,,,,,,,,,,,White,Table,,,SWEET1,ACIDITY4,BODY3,TANNIN1,2016,750
150893,"Ricossa, Barbaresco ",Ricossa,Italy,Piemonte,Barbaresco,,,Nebbiolo,,,,,,,,,,,,Red,Table,13~14,16~18,SWEET1,ACIDITY3,BODY3,TANNIN4,2011,750
162865,"Kim Crawford, Chardonnay",Kim Crawford,New Zealand,,,,,Chardonnay,,,,,,,,,,,,White,Table,,,SWEET1,ACIDITY2,BODY3,TANNIN1,2019,750
155845,Chateau Clos Bel Air,Chateau Clos Bel Air,France,Bordeaux,Pomerol,,,Merlot,Cabernet Franc,Cabernet Sauvignon,,,,,,,,,,Red,Table,,,SWEET1,ACIDITY3,BODY4,TANNIN5,2016,750
158750,"Chateau de La Tour, Clos de Vougeot Vieilles Vignes Grand Cru",Chateau de La Tour,France,Bourgogne,Cote de Nuits,Vougeot,,Pinot Noir,,,,,,,,,,,,Red,Table,,,SWEET1,ACIDITY4,BODY3,TANNIN3,2011,750
142079,"Soldo, Dolcetto d'Alba",Soldo,Italy,Piemonte,Alba,,,Dolcetto,,,,,,,,,,,,Red,Table,,,SWEET1,ACIDITY4,BODY3,TANNIN2,2003,750
146771,"Fattoria Le Pupille, Morellino di Scansano",Fattoria le Pupille,Italy,Toscana,,,,Sangiovese,Alicante Bouschet,Malvasia nera,,,,,,,,,,Red,Table,13.5,16~18,SWEET1,ACIDITY3,BODY3,TANNIN3,2006,750
162664,"Tarapaca, Gran Reserva Syrah",Vina Tarapaca,Chile,Maipo Valley,,,,Syrah & Shiraz,,,,,,,,,,,,Red,Table,14~15,16~18,SWEET1,ACIDITY3,BODY4,TANNIN3,2017,750
146608,"Santa Margherita, Lamole di Lamole Lam'oro",Santa Margherita,Italy,Toscana,,,,Cabernet Sauvignon,Sangiovese,,,,,,,,,,,Red,Table,14,18~20,SWEET1,ACIDITY3,BODY4,TANNIN4,2004,750
137611,Casa Porta Cabernet Sauvignon,Porta Winery,Chile,Central Valley,,,,Cabernet Sauvignon,,,,,,,,,,,,Red,Table,13.5,16~18,SWEET1,ACIDITY3,BODY3,TANNIN3,2009,750
141286,Palandri Chardonnay,Palandri,Australia,Western Australia,Margaret River,,,Chardonnay,,,,,,,,,,,,White,Table,13,10~12,SWEET1,ACIDITY3,BODY3,TANNIN1,2003,750
153688,Valdivieso Single Vineyard Cabernet Franc,Valdivieso,Chile,Curico Valley,Sagrada Familia,,,Cabernet Franc,,,,,,,,,,,,Red,Table,14.5,16~18,SWEET1,ACIDITY4,BODY4,TANNIN3,2015,750
149153,"Domaine Latour Giraud, Meursault 1er Cru 'Genevrieres' Cuvee des Pierres",Domaine Latour Giraud,France,Bourgogne,Cote de Beaune,Meursault,,Chardonnay,,,,,,,,,,,,White,Table,13.5,10~12,SWEET1,ACIDITY5,BODY4,TANNIN1,2006,750
138554,Cakebread Napa Valley Merlot,Cakebread Cellar,USA,California,Napa County,Napa Valley,,Merlot,Cabernet Sauvignon,,,,,,,,,,,Red,Table,14.3,16~18,SWEET1,ACIDITY3,BODY4,TANNIN4,2013,750
161576,Michel Picard Chablis,Domaines Famille Picard,France,Bourgogne,Chablis,,,Chardonnay,,,,,,,,,,,,White,Table,,,SWEET1,ACIDITY4,BODY3,TANNIN1,2014,750
163167,"Dana Estates, Hershey Vineyards Cabernet Sauvignon",Dana Estates,USA,California,Napa County,Howell Mountain,,Cabernet Sauvignon,,,,,,,,,,,,Red,Table,15~16,17~19,SWEET1,ACIDITY4,BODY5,TANNIN5,2016,750
140969,"Robert Mondavi, Napa Valley Pinot Noir",Robert Mondavi,USA,California,Napa County,Napa Valley,,Pinot Noir,,,,,,,,,,,,Red,Table,15~16,16~18,SWEET1,ACIDITY3,BODY3,TANNIN3,2017,750
154468,Viu Manent Single Vineyard Syrah,Viu Manent,Chile,Rapel Valley,Colchagua Valley,,,Syrah & Shiraz,,,,,,,,,,,,Red,Table,,,SWEET1,ACIDITY3,BODY4,TANNIN5,2017,750
137735,"Geografico, Vernaccia di San Gimignano",Geografico,Italy,Toscana,Vernaccia di San Gimignano,,,Vernaccia,,,,,,,,,,,,White,"Appetizer, Table",12~13,10~12,SWEET1,ACIDITY3,BODY2,TANNIN1,2020,750
161895,"Ironstone, Lodi Chardonnay",Ironstone,USA,California,San Joaquin County,Lodi,,Chardonnay,,,,,,,,,,,,White,Table,,,SWEET1,ACIDITY3,BODY3,TANNIN1,2018,750
141460,Lisini Brunello di Montalcino,Lisini,Italy,Toscana,Montalcino,,,Sangiovese,,,,,,,,,,,,Red,Table,13.5,16~18,SWEET1,ACIDITY3,BODY4,TANNIN4,2009,750
138226,Chateau Chadeuil,Maison Hebrard,France,Bordeaux,,,,Merlot,Cabernet Franc,Cabernet Sauvignon,,,,,,,,,,Red,Table,12.5,16~18,SWEET1,ACIDITY3,BODY3,TANNIN3,2010,750
152150,Champagne Forget Broimont Demi-Sec 1er Cru,Forget Brimont,France,Champagne,,,,Pinot Noir,Pinot Meunier,Chardonnay,,,,,,,,,,Sparkling,Table,,,SWEET2,ACIDITY3,BODY2,TANNIN1,0,750
163670,"Cantina Terlan, Pinot Grigio",Cantina Terlan,Italy,TrentinoAlto Adige,,,,Pinot Grigio,,,,,,,,,,,,White,Table,13.5,10~12,SWEET1,ACIDITY3,BODY2,TANNIN1,2017,750
164585,"Domaines Schlumberger, Pinot Noir",Domaines Schlumberger,France,Alsace,,,,Pinot Noir,,,,,,,,,,,,Red,Table,12~13,14~16,SWEET1,ACIDITY3,BODY3,TANNIN2,2016,750
141203,"Feudi Aragonesi, Trebbiano d'Abruzzo",Feudi Aragonesi,Italy,Abruzzo,,,,Trebbiano,,,,,,,,,,,,White,Table,,,SWEET1,ACIDITY4,BODY2,TANNIN1,2005,750
168609,"Marchand Tawse, Gevrey Chambertin En Champs",Marchand Tawse,France,Bourgogne,Cote de Nuits,GevreyChambertin,,Pinot Noir,,,,,,,,,,,,Red,Table,,,SWEET1,ACIDITY4,BODY3,TANNIN3,2018,750
161813,Thorn Clarke Terra Barossa  Shiraz Cabernet Petit Verdo,Thorn Clarke,Australia,South Australia,Barossa Valley,,,Syrah & Shiraz,Cabernet Sauvignon,Petit Verdot,,,,,,,,,,Red,Table,,,SWEET1,ACIDITY3,BODY5,TANNIN4,2015,750
166650,"Redheads Studio, Esule Women with Gun",Redheads Studio,Australia,South Australia,McLaren Vale,,,Cabernet Sauvignon,Cabernet Franc,,,,,,,,,,,Red,Table,14~15,15~17,SWEET1,ACIDITY4,BODY4,TANNIN5,2014,750
164122,#NAME?,Bodegas Pinord,Spain,Penedes,Xarello,,,,,,,,,,,,,,,White,Table,,,SWEET1,ACIDITY4,BODY3,TANNIN1,2017,750
155257,"Familia Deicas, d'Exception",Establecimiento Juanico,Uruguay,Juanico,,,,Tannat,,,,,,,,,,,,Red,Table,13~14,18~20,SWEET1,ACIDITY3,BODY5,TANNIN5,2005,750
163175,"Marques de Toledo, Reserva",Bodegas Lozano,Spain,La Mancha,,,,Tempranillo,Cabernet Sauvignon,,,,,,,,,,,Red,Table,13,16~18,SWEET1,ACIDITY3,BODY3,TANNIN3,2012,750
168685,Nuits Saint Georges 1er Les Porets Saint Georges,Vincent Ledy,France,Bourgogne,Cote de Nuits,NuitsStGeorges,,Pinot Noir,,,,,,,,,,,,Red,Table,,,SWEET1,ACIDITY4,BODY3,TANNIN3,2016,750
141761,Panul Cabernet Sauvignon Oak Aged Reserve,Vinedos Errazuriz Ovalle SA,Chile,Rapel Valley,,,,Cabernet Sauvignon,,,,,,,,,,,,Red,Table,13.5,16~18,SWEET1,ACIDITY4,BODY3,TANNIN3,2014,750
149587,G7 Merlot,G7,Chile,Maule Valley,Loncomilla Valley,,,Merlot,,,,,,,,,,,,Red,Table,,,SWEET2,ACIDITY3,BODY2,TANNIN2,2016,750
163647,Gold Label,Royal Tokaji,Hungary,The Northeast,TokajHegyalja,,,Furmint,Harslevelu,Muscat,,,,,,,,,,White,Dessert,,,SWEET5,ACIDITY2,BODY4,TANNIN1,2013,500
154129,"Felsina, Chianti Colli Senesi",Felsina,Italy,Toscana,Chianti,,,Sangiovese,Merlot,,,,,,,,,,,Red,Table,13~14,16~18,SWEET1,ACIDITY4,BODY3,TANNIN3,2018,750
154592,Bree Pinot Noir Rose,Peter Mertes,Germany,Rheinhessen,,,,Pinot Noir,,,,,,,,,,,,Rose,Table,11,10~12,SWEET4,ACIDITY2,BODY2,TANNIN2,2015,250
166966,"Coquillette, Blanc de Noir 'Les Cles' Grand Cru Brut RM",Coquillette,France,Champagne,Cote des Blancs,,,Pinot Noir,,,,,,,,,,,,Sparkling,"Appetizer, Table",12~13,6~8,SWEET1,ACIDITY5,BODY3,TANNIN1,0,750
150539,"Ventisquero, Clasico Chardonnay",Ventisquero,Chile,Central Valley,,,,Chardonnay,,,,,,,,,,,,White,Table,13,10~12,SWEET1,ACIDITY3,BODY3,TANNIN1,2017,750
161262,"Francois Villard, Contours de Mairlant",Francois Villard,France,Rhone,,,,Marsanne,Rousaanne,,,,,,,,,,,White,Table,13~14,10~12,SWEET1,ACIDITY5,BODY3,TANNIN1,2016,750
161429,Chris Ringland  Randall's Hill Shiraz,Chris Ringland,Australia,South Australia,Barossa Valley,,,Syrah & Shiraz,,,,,,,,,,,,Red,Table,14.5,16~18,SWEET1,ACIDITY3,BODY5,TANNIN5,0,0
153962,"Anecoop, Casa L´Angel Moscato Rosado",Anecoop,Spain,Valencia,,,,Muscat,Grenache,,,,,,,,,,,Rose,"Table, Dessert",5,6~8,SWEET4,ACIDITY1,BODY3,TANNIN1,0,750
144330,"Geantet Pansiot, Gevrey Chambertin Vieilles Vignes",GeantetPansiot,France,Bourgogne,Cote de Nuits,GevreyChambertin,,Pinot Noir,,,,,,,,,,,,Red,Table,,,SWEET1,ACIDITY3,BODY4,TANNIN3,2017,750
158963,Emina Atio,Bodega Emina,Spain,Ribera del Duero,,,,Tempranillo,,,,,,,,,,,,Red,Table,15.6,16~18,SWEET1,ACIDITY4,BODY4,TANNIN4,2005,750
155559,Finest Tingleup Riesling,Tesco Finest,Australia,Western Australia,,,,Riesling,,,,,,,,,,,,White,Table,,,SWEET3,ACIDITY3,BODY3,TANNIN1,0,750
151209,Zenato Lugana San Benedetto,SRL Zenato Azienda Vitivinicola SRL,Italy,Veneto,,,,Trebbiano,,,,,,,,,,,,White,Table,13,10~12,SWEET1,ACIDITY3,BODY3,TANNIN1,2013,750
147529,"Banrock Station, Sparkling white Shiraz",Banrock Station,Australia,South Eastern Australia,,,,Syrah & Shiraz,,,,,,,,,,,,Sparkling,"Appetizer, Dessert",13,5~7,SWEET2,ACIDITY2,BODY2,TANNIN1,0,750
156117,"Sine Qua Non, In the Abstract",Sine Qua Non,USA,California,Napa County,Napa Valley,,,,,,,,,,,,,,,Table,,,SWEET1,ACIDITY3,BODY4,TANNIN1,2012,750
155505,"Crystallum, Peter Max Pinot Noir",Crystallum,the Republic of South Africa,Pinot Noir,,,,,,,,,,,,,,,,Red,Table,,,SWEET1,ACIDITY5,BODY4,TANNIN3,2012,750
149513,Binekhi Alazani Valley,Vazi,Georgia,,,,,Saperavi,,,,,,,,,,,,Red,Dessert,12~13,15~17,SWEET4,ACIDITY2,BODY2,TANNIN2,2007,750
142170,"Vampire, Merlot Rose",Vampire Winery,Romania,,,,,Merlot,,,,,,,,,,,,Red,Table,13,16~18,SWEET1,ACIDITY4,BODY3,TANNIN3,2004,750
145614,"Pockl, Zweigelt Classique",Pockl,Austria,Burgenland,,,,Zweigelt,,,,,,,,,,,,Red,Table,,,SWEET1,ACIDITY4,BODY4,TANNIN3,2008,750
156195,Chilensis Special Selection Merlot,Chilensis,Chile,Central Valley,,,,Merlot,,,,,,,,,,,,Red,Table,,,SWEET1,ACIDITY3,BODY2,TANNIN3,2017,750
149659,G7 Reserva Carmenere,G7,Chile,Maule Valley,Loncomilla Valley,,,Carmenere,,,,,,,,,,,,Red,Table,,,SWEET1,ACIDITY3,BODY3,TANNIN3,2015,750
141808,Jacob's Creek Sparkling Rose,Jacobs Creek,Australia,South Eastern Australia,,,,Chardonnay,Pinot Noir,,,,,,,,,,,Sparkling,Appetizer,11.5,7~9,SWEET2,ACIDITY3,BODY3,TANNIN1,0,750
151887,"Montebruno, Pinot Noir",Montebruno Wine Co,USA,Oregon,Willamette Valley,EolaAmity Hills,,Pinot Noir,,,,,,,,,,,,Red,Table,13,15~17,SWEET2,ACIDITY5,BODY3,TANNIN3,2010,750
158159,Faiveley Nuits St Georges,Faiveley Domaine Faiveley,France,Bourgogne,Cote de Nuits,NuitsStGeorges,,Pinot Noir,,,,,,,,,,,,Red,Table,,,SWEET2,ACIDITY4,BODY3,TANNIN2,2015,750
161740,Head High Red,Head High Wines,USA,California,Sonoma County,Sonoma Coast,,Malbec,Merlot,Cabernet Sauvignon,Zinfandel,Grenache,,,,,,,,Red,Table,14.5,16~18,SWEET1,ACIDITY3,BODY4,TANNIN3,2013,750
167467,"Jules Desjourneys, Saint Veran",Domaine Jules Desjourneys,France,Bourgogne,Maconnais,SaintVeran,,Chardonnay,,,,,,,,,,,,White,"Appetizer, Table",,,SWEET1,ACIDITY4,BODY3,TANNIN1,2017,750
139725,"Mcquigan, Black Label Chardonnay",Mcguigan,Australia,South Eastern Australia,,,,Chardonnay,,,,,,,,,,,,White,Table,13,10~12,SWEET1,ACIDITY3,BODY3,TANNIN1,2018,750
151373,Finest Alsace Gewurztraminer,Tesco Finest,France,Alsace,,,,Gewurztraminer,,,,,,,,,,,,White,Appetizer,13,10~12,SWEET2,ACIDITY3,BODY1,TANNIN1,2012,750
158999,Hartford Court Land’s Edge Pinot Noir,Jackson Family Wines,USA,California,Sonoma County,Russian River Valley,,Pinot Noir,,,,,,,,,,,,Red,Table,14.5,16~18,SWEET1,ACIDITY3,BODY3,TANNIN3,2012,750
166910,Domaines Les Alexandrins Saint Joseph,Domaine  Maison Les Alexandrins,France,Rhone,SaintJoseph,,,Syrah & Shiraz,,,,,,,,,,,,Red,Table,13~14,16~18,SWEET1,ACIDITY4,BODY5,TANNIN5,2017,750
147455,"Cherubino Valsangiacomo, Moscatel de Valencia Rose",Cherubino Valsangiacomo,Spain,,,,,Moscatel,,,,,,,,,,,,Rose,"Appetizer, Dessert",15,10~12,SWEET4,ACIDITY2,BODY3,TANNIN1,0,750
162171,"Inglenook, Niebaum Estate 1882 Cabernet Sauvignon",Inglenook,USA,California,Napa County,Rutherford,,Cabernet Sauvignon,Cabernet Franc,Merlot,,,,,,,,,,Red,Table,,,SWEET1,ACIDITY4,BODY5,TANNIN5,2013,750
139713,Santa Cruz Mountain Cabernet Sauvignon,Matin Ray,USA,California,,,,Cabernet Sauvignon,,,,,,,,,,,,Red,Table,14.4,16~18,SWEET1,ACIDITY4,BODY5,TANNIN5,2002,750
146626,"Bogle, Chardonnay",Bogle Vineyards,USA,California,,,,Chardonnay,,,,,,,,,,,,White,Table,13.5,10~12,SWEET1,ACIDITY3,BODY3,TANNIN1,2017,750
157968,"Vina Pomal, Gran Reserva",Codorniu,Spain,Rioja,,,,Tempranillo,Garnacha,,,,,,,,,,,Red,Table,14,16~18,SWEET1,ACIDITY3,BODY5,TANNIN4,2011,750
141429,Arceno Prima Voce,Jackson wine International Kendall Jackson,Italy,Toscana,,,,Merlot,Cabernet Sauvignon,Sangiovese,Syrah & Shiraz,,,,,,,,,Red,Table,13.5,15~18,SWEET1,ACIDITY3,BODY3,TANNIN3,2006,750
161407,"Batasiolo, Barolo Riserva",Batasiolo Beni di Batasiolo,Italy,Piemonte,Barolo,,,Nebbiolo,,,,,,,,,,,,Red,Table,14,15~17,SWEET1,ACIDITY4,BODY3,TANNIN4,2006,750
145210,"Domaine de la Janasse, Chateauneuf du Pape Vieilles Vignes",Domaine de la Janasse,France,Rhone,ChateauneufduPape,,,Grenache,Syrah & Shiraz,mourvedre,Etc,,,,,,,,,Red,Table,15.5,16~18,SWEET1,ACIDITY3,BODY5,TANNIN4,2011,750
167681,"Argiolas, Serra Lori ",Argiolas,Italy,Sardegna,,,,Cannonau,Monica,Carignano,Bovale Sardo,,,,,,,,,Rose,"Appetizer, Table",13~14,10~12,SWEET1,ACIDITY3,BODY3,TANNIN3,2019,750
163696,"Sine Qua Non, Entre Chien et Loup",Sine Qua Non,USA,California,Napa County,Napa Valley,,Chardonnay,Rousaanne,Viognier,Petit Manseng,Marsanne,,,,,,,,White,Table,,,SWEET1,ACIDITY4,BODY4,TANNIN1,2015,750
161152,Domaine La Capelle,Les Domaines Auriol,France,Southern France,Languedoc Roussillon,Minervois,,Carignan,Syrah & Shiraz,mourvedre,Grenache,,,,,,,,,Red,Table,14~15,16~18,SWEET1,ACIDITY3,BODY4,TANNIN4,2013,750
141082,"Allegrini, Amarone della Valpolicella Classico",Allegrini,Italy,Veneto,Valpolicella,,,Corvina Veronese,Rondinella,Molinara,,,,,,,,,,Red,Table,15~16,17~19,SWEET2,ACIDITY3,BODY5,TANNIN4,2016,750
151666,"Domaines Paul Mas, Claude Val Blanc",Domaines Paul Mas,France,Southern France,Languedoc Roussillon,,,Grenache Blanc,Vermentino,Chenin Blanc,Ugni​ blanc,Sauvignon blanc,Terret Noir,,,,,,,White,Table,13,8~9,SWEET2,ACIDITY2,BODY3,TANNIN1,2011,750
165284,"Brigaldara, Valpolicella Superiore Case Vecie",Brigaldara,Italy,Veneto,Valpolicella,,,Corvina,Corvinone,Rondinella,,,,,,,,,,Red,Table,,,SWEET1,ACIDITY3,BODY3,TANNIN3,2016,750
162806,"Schubert, Selection 'S' Sauvignon Blanc",Schubert Wines,New Zealand,North Island,Wairarapa,Martinborough,,Sauvignon blanc,,,,,,,,,,,,White,Table,13~14,8~10,SWEET1,ACIDITY4,BODY2,TANNIN1,2018,750
154317,"Doimaine Remizieres, Crozes Hermitage Blanc Cuvee Particuliere",Domaine Remizieres,France,Rhone,CrozesHermitage,,,Marsanne,,,,,,,,,,,,White,Table,14.5,10~12,SWEET1,ACIDITY3,BODY3,TANNIN1,2011,750
148891,"Mahler Besse, Le Vieux Moulin",Mahler Besse,France,Bordeaux,,,,Blend,,,,,,,,,,,,Red,Table,,,SWEET1,ACIDITY3,BODY3,TANNIN4,2005,750
153668,"MENEGOLLI, Valpolicella Superiore Ripasso Premium",Menegolli,Italy,Veneto,Valpolicella,,,Corvina Veronese,Corvinone,Rondinella,,,,,,,,,,Red,Table,14,16~18,SWEET2,ACIDITY2,BODY5,TANNIN4,2014,750
161050,Camas Chardonnay,Cave Anne de Joyeuse,France,Southern France,Languedoc Roussillon,,,Chardonnay,,,,,,,,,,,,White,Table,,,SWEET1,ACIDITY3,BODY4,TANNIN1,2017,750
153344,"Feudi Del Pisciotto, Valentino",Feudi del Pisciotto,Italy,Sicilia,,,,Merlot,,,,,,,,,,,,Red,Table,14,16~18,SWEET1,ACIDITY3,BODY4,TANNIN3,2015,750
155831,VH Scharzhofberger Riesling Auslese,Verinigte Hospitien,Germany,MoselSaarRuwer,,,,Riesling,,,,,,,,,,,,White,Table,7.5,8~10,SWEET4,ACIDITY2,BODY4,TANNIN1,2009,750
161574,"Francois Geisweiler, Cremant de Bourgogne Brut ",Francois Geisweiler,France,Bourgogne,,,,Chardonnay,Pinot Noir,,,,,,,,,,,Sparkling,Table,,,SWEET1,ACIDITY4,BODY2,TANNIN1,0,750
149950,"Domaine Jacques Cacheux, Echezeaux Grand Cru",Domaine Jacques Cacheux,France,Bourgogne,Cote de Nuits,VosneRomanee,,Pinot Noir,,,,,,,,,,,,Red,Table,13.5,15~17,SWEET1,ACIDITY4,BODY3,TANNIN3,2006,750
162589,"Navarro Correas, Reserva Chardonnay",Bodega Navarro Correas,Argentina,Mendoza,Uco Valley,,,Chardonnay,,,,,,,,,,,,White,Table,13~14,8~10,SWEET1,ACIDITY3,BODY3,TANNIN1,2017,750
141496,"Tua Rita, Perlato del Bosco Rosso",Tua Rita,Italy,Toscana,,,,Sangiovese,Cabernet Sauvignon,,,,,,,,,,,Red,Table,13.5,16~18,SWEET1,ACIDITY4,BODY5,TANNIN4,2006,750
151884,Desert Wind Ruah,Desert Wind Winery,USA,Washington State,Columbia Valley,,,Merlot,Cabernet Sauvignon,Cabernet Franc,,,,,,,,,,Red,Table,14.5,16~18,SWEET1,ACIDITY4,BODY5,TANNIN3,2013,750
147709,Rendez Beaujolais Nouveau,Pasquier Desvignes,France,Bourgogne,Beaujolais,,,Gamay,,,,,,,,,,,,Red,Table,12.5,13~15,SWEET1,ACIDITY4,BODY2,TANNIN2,2010,750
160458,Giacomo Marengo Barolo Cerequio,Giacomo Marengo,Italy,Piemonte,Barolo,,,Nebbiolo,,,,,,,,,,,,Red,Table,,,SWEET1,ACIDITY4,BODY4,TANNIN5,2006,750
163820,"Wildstock, Pinot Noir",Wildstock Winery,USA,Oregon,,,,Pinot Noir,,,,,,,,,,,,Red,Table,13.5,15~17,SWEET1,ACIDITY3,BODY3,TANNIN2,2015,750
158089,"Callia, Alta Malbec",Bodegas Callia,Argentina,San Juan,Tulum,,,Malbec,,,,,,,,,,,,Red,Table,13.5,16~18,SWEET1,ACIDITY3,BODY3,TANNIN4,2014,750
162777,Coriole Songbird Cabernet Sauvignon,Coriole Vineyards,Australia,South Australia,McLaren Vale,,,Cabernet Sauvignon,,,,,,,,,,,,Red,Table,14.5,16~18,SWEET1,ACIDITY3,BODY4,TANNIN4,2017,750
146309,"Kracher, Zweigelt Rose Eiswein",Kracher,Austria,Burgenland,,,,Zweigelt,,,,,,,,,,,,White,Dessert,,,SWEET5,ACIDITY2,BODY3,TANNIN1,2004,375
162470,"Berry Bros. & Rudd, Rioja Crianza",Berry Bros  Rudd,Spain,Rioja,,,,Tempranillo,Mazuelo,Graciano,,,,,,,,,,Red,Table,14,16~18,SWEET1,ACIDITY3,BODY4,TANNIN3,2014,750
145145,"Ramirana, Cabernet Sauvignon",Ventisquero,Chile,Rapel Valley,,,,Cabernet Sauvignon,,,,,,,,,,,,Red,Table,14,16~18,SWEET1,ACIDITY3,BODY4,TANNIN3,2017,750
161295,Schmitt Sohne Funf Moscato,Schmitt Sohne,Italy,Sicilia,,,,Moscato,,,,,,,,,,,,White,Dessert,9,6~8,SWEET4,ACIDITY2,BODY3,TANNIN1,0,750
137586,"Chialri 1860, Lambrusco Bianco",Chiarli  Cleto Chiarli,Italy,,,,,Lambrusco,,,,,,,,,,,,White,"Appetizer, Table",7.5,10~12,SWEET3,ACIDITY2,BODY3,TANNIN1,0,750
156113,"Sine Qua Non, Five Shooter Grenache",Sine Qua Non,USA,California,Napa County,Napa Valley,,Grenache,,,,,,,,,,,,Red,Table,,,SWEET1,ACIDITY3,BODY5,TANNIN5,2010,750
141891,"Brotherhood, Vidal Ice Wine",Brotherhood,USA,New York State,,,,Vidal,,,,,,,,,,,,White,Dessert,10.5,6~8,SWEET5,ACIDITY2,BODY3,TANNIN1,2007,375
138834,"Jim Barry, Lodge Hill Shiraz",Jim Barry,Australia,South Australia,Clare Valley,,,Syrah & Shiraz,,,,,,,,,,,,Red,Table,,,SWEET1,ACIDITY3,BODY4,TANNIN4,2017,750
137319,Ginestet Saint Emilion,Maison Ginestet,France,Bordeaux,SaintEmilion,,,Merlot,Cabernet Franc,Cabernet Sauvignon,,,,,,,,,,Red,Table,12.5,16~18,SWEET1,ACIDITY3,BODY3,TANNIN3,2008,750
137395,Vieux Chateau du Terme,Vieux Chateau du Terme,France,Bordeaux,HautMedoc,,,Cabernet Sauvignon,Merlot,Petit Verdot,Malbec,,,,,,,,,Red,Table,12.5,16~18,SWEET1,ACIDITY3,BODY4,TANNIN3,2003,750
162294,Chilean Tag Reserve L Malbec,Casa Verdi,Chile,Curico Valley,,,,Malbec,,,,,,,,,,,,Red,Table,14,16~18,SWEET1,ACIDITY3,BODY4,TANNIN3,0,750
148304,"Brown Brothers, Zibibbo Rosa",Brown Brothers,Australia,Victoria,,,,Muscat,Cienna,,,,,,,,,,,Sparkling,"Appetizer, Dessert",8,6~8,SWEET4,ACIDITY1,BODY3,TANNIN1,0,750
145827,Peter Lehmann Art Series Eden Valley Riesling,Peter Lehmann,Australia,South Australia,Eden Valley,,,Riesling,Chardonnay,,,,,,,,,,,White,Table,11,10~12,SWEET1,ACIDITY3,BODY3,TANNIN1,2008,750
162882,"Rust en Vrede, Syrah",Rust en Vrede Estate,the Republic of South Africa,Coastal Region,Stellenbosch,,,Syrah & Shiraz,,,,,,,,,,,,Red,Table,,,SWEET1,ACIDITY3,BODY4,TANNIN3,2014,750
149357,30 Mile Chardonnay,Quarisa Winery,Australia,South Eastern Australia,,,,Chardonnay,,,,,,,,,,,,White,Table,13.35,10~12,SWEET1,ACIDITY3,BODY3,TANNIN1,2014,750
162858,"Domaine de la Cote, La Cote Pinot Noir",Domaine de La Cote,USA,California,Santa Barbara County,Santa Rita Hills,,Pinot Noir,,,,,,,,,,,,Red,Table,,,SWEET1,ACIDITY3,BODY4,TANNIN3,2018,750
159819,Lange Willamette Valley Reserve Pinot Noir,Lange Estate Winery,USA,Oregon,Willamette Valley,,,Pinot Noir,,,,,,,,,,,,Red,Table,,,SWEET1,ACIDITY5,BODY4,TANNIN3,2013,750
166721,"Bodegas Illana, Casa de Illana Expression Petiti Verdot",Bodegas Illana,Spain,Ribera del Jucar,,,,Petit Verdot,,,,,,,,,,,,Red,Table,,,SWEET1,ACIDITY4,BODY4,TANNIN4,2017,750
146600,"Santa Margherita, Torresella Cabernet Sauvignon",Santa Margherita,Italy,Veneto,,,,Cabernet Sauvignon,,,,,,,,,,,,Red,Table,12.5,16~18,SWEET1,ACIDITY3,BODY4,TANNIN4,2007,750
137212,"Calvet, Medoc",Calvet,France,Bordeaux,Medoc,,,Cabernet Sauvignon,Merlot,Cabernet Franc,Petit Verdot,,,,,,,,,Red,Table,12~13,16~18,SWEET1,ACIDITY4,BODY3,TANNIN3,2015,750
150360,Ugarte,Heredad Ugarte,Spain,Rioja,,,,Tempranillo,Graciano,,,,,,,,,,,Red,Table,13~14,16~18,SWEET1,ACIDITY3,BODY3,TANNIN3,2011,750
157049,Tresch Chablis les Marouette,Tresch,France,Bourgogne,Chablis,,,Chardonnay,,,,,,,,,,,,White,Table,12.5,8~10,SWEET1,ACIDITY5,BODY2,TANNIN1,2017,750
162674,"Château de L'Ou, Muscat de Rivesaltes ",Chateau de IOu,France,Southern France,Languedoc Roussillon,Rivesaltes,,Muscat Blanc Petits Grains,,,,,,,,,,,,Fortified,Dessert,15~16,6~8,SWEET5,ACIDITY1,BODY4,TANNIN1,2015,750
151826,"Louis Jadot(Domaine Duc de Magenta), Puligny-Montrachet 1er Cru 'Clos de la Garenne'",Louis Jadot,France,Bourgogne,Cote de Beaune,PulignyMontrachet,,Chardonnay,,,,,,,,,,,,White,Table,13.5,10~12,SWEET1,ACIDITY4,BODY4,TANNIN1,2014,750
160702,Agios Chronos,Avantis Estate,Greece,Central Greece and Attica,,,,Syrah & Shiraz,Viognier,,,,,,,,,,,Red,Table,14,16~18,SWEET1,ACIDITY3,BODY3,TANNIN3,2009,750
141175,"Colle Massari, Rigoleto Montecucco",Colle Massari,Italy,Toscana,,,,Sangiovese,Ciliegiolo,Montepulciano,,,,,,,,,,Red,Table,,,SWEET1,ACIDITY4,BODY3,TANNIN3,2004,750
138349,"St. Francis, Merlot",Saint Francis,USA,California,Sonoma County,,,Merlot,,,,,,,,,,,,Red,Table,14~15,17~19,SWEET1,ACIDITY3,BODY4,TANNIN3,2017,750
146552,Terra Andina Suyai,Terra Andina,Chile,Maipo Valley,,,,Cabernet Franc,Malbec,Cabernet Sauvignon,Carmenere,,,,,,,,,Red,Table,14,17~19,SWEET1,ACIDITY4,BODY5,TANNIN3,2005,750
146812,Laboure Roi  Petit Bistro Syrah,Laboure Roi Domaine Laboure Roi,France,Southern France,Languedoc Roussillon,,,Syrah & Shiraz,,,,,,,,,,,,Red,Table,13.5,16~18,SWEET1,ACIDITY3,BODY4,TANNIN3,2011,750
152532,Arpa Syrah,Il Borro,Italy,Toscana,,,,Syrah & Shiraz,,,,,,,,,,,,Red,Table,13~14,16~18,SWEET1,ACIDITY3,BODY3,TANNIN3,2018,750
149891,"Icardi, Surisjvan Langhe Nebbiolo ",Icardi,Italy,Piemonte,Langhe,,,Nebbiolo,,,,,,,,,,,,Red,Table,14,16~18,SWEET1,ACIDITY4,BODY2,TANNIN4,2014,750
150397,"Gancia, Scarlatto Brachetto d'Acqui",Gancia,Italy,Piemonte,,,,Brachetto,,,,,,,,,,,,Sparkling,"Appetizer, Dessert",6.5,8~10,SWEET4,ACIDITY1,BODY3,TANNIN1,0,750
152566,"De Stefani, Prosecco Zero",De Stefani,Italy,Veneto,,,,Glera,,,,,,,,,,,,Sparkling,Appetizer,11,6~8,SWEET1,ACIDITY4,BODY3,TANNIN1,2016,750
141771,Panul Syrah Reserve,Vinedos Errazuriz Ovalle SA,Chile,Rapel Valley,,,,Syrah & Shiraz,,,,,,,,,,,,Red,Table,13,16~18,SWEET1,ACIDITY3,BODY3,TANNIN3,2014,750
166649,"Redheads Studio, Blue Belle Chardonnay",Redheads Studio,Australia,South Australia,Adelaide,,,Chardonnay,,,,,,,,,,,,White,"Appetizer, Table",12~13,8~10,SWEET1,ACIDITY3,BODY5,TANNIN1,2017,750
167751,Toro Seleccion Syrah Malbec,FeCoVita,Argentina,Mendoza,,,,Syrah & Shiraz,,,,,,,,,,,,Red,Table,13~14,16~18,SWEET1,ACIDITY3,BODY3,TANNIN3,2019,750
167742,The Gander Reserve Shiraz,Schubert Estate,Australia,South Australia,Barossa Valley,,,Syrah & Shiraz,,,,,,,,,,,,Red,Table,,,SWEET1,ACIDITY3,BODY5,TANNIN5,2015,750
159286,"La Tordera, Saomi Prosecco",La Tordera,Italy,Veneto,,,,Glera,Chardonnay,,,,,,,,,,,Sparkling,Table,11~12,6~8,SWEET2,ACIDITY3,BODY3,TANNIN1,0,750
153952,"Mollydooker, Blue Eyed Boy",Mollydooker,Australia,South Australia,McLaren Vale,,,Syrah & Shiraz,,,,,,,,,,,,Red,Table,,,SWEET1,ACIDITY3,BODY5,TANNIN4,2017,750
153241,"Faiveley, Volnay 1er Fremiets",Faiveley Domaine Faiveley,France,Bourgogne,Cote de Beaune,Volnay,,Pinot Noir,,,,,,,,,,,,Red,Table,,,SWEET1,ACIDITY5,BODY4,TANNIN3,2011,750
165905,"J.Lohr, South Ridge Paso Robels Syrah",JLohr Vineyards  Wines,USA,California,San Luis Obispo County,Paso Robles,,Syrah & Shiraz,Viognier,Grenache,Grenache Blanc,,,,,,,,,Red,Table,13~14,15~17,SWEET1,ACIDITY3,BODY4,TANNIN4,2016,750
150950,Beso de Vino Seleccion,S A Grandes Vino Vinedos S A,Spain,Carinena,,,,Syrah & Shiraz,Garnacha,,,,,,,,,,,Red,Table,13.5,16~18,SWEET2,ACIDITY3,BODY3,TANNIN2,2011,750
151255,"Chateau Montus, Pacherenc Sec Montus ",Chateau Montus,France,Southwest France,Madiran,,,Petit Courbu,,,,,,,,,,,,White,Table,13,10~12,SWEET2,ACIDITY3,BODY3,TANNIN1,2008,750
158644,Pavillon Rouge du Chateau Margaux,Chateau Margaux 1st Grand Cru Classe,France,Bordeaux,Margaux,,,Cabernet Sauvignon,Merlot,Petit Verdot,,,,,,,,,,Red,Table,,,SWEET1,ACIDITY4,BODY5,TANNIN4,2017,750
146105,Finest Old Vines Garnacha,Bodegas Aragonesas,Spain,Campo de Borja,,,,Garnacha,,,,,,,,,,,,Red,Table,13.5,16~18,SWEET1,ACIDITY3,BODY3,TANNIN3,2012,750
151401,"Nicolas Rouget, Bourgogne Rouge ",Nicolas Rouget,France,Bourgogne,,,,Pinot Noir,,,,,,,,,,,,Red,Table,13,14~16,SWEET1,ACIDITY5,BODY3,TANNIN2,2009,750
146947,"Graffigna, Grand Reserve Malbec",Graffigna,Argentina,San Juan,,,,Malbec,,,,,,,,,,,,Red,Table,14.5,16~19,SWEET1,ACIDITY3,BODY4,TANNIN3,2008,750
137439,"Trapiche, Iscay Malbec Cabernet Franc",Trapiche,Argentina,Mendoza,,,,Malbec,Cabernet Franc,,,,,,,,,,,Red,Table,14~15,16~18,SWEET1,ACIDITY3,BODY4,TANNIN5,2013,750
163327,"Jean Loron, Chateau de La Pierre 'Regnie'",Maison Jean Loron,France,Bourgogne,Beaujolais,Regnie,,Gamay,,,,,,,,,,,,Red,Table,,,SWEET1,ACIDITY4,BODY3,TANNIN2,2017,750
164496,Petillant de Listel,Listel,France,Southern France,Languedoc Roussillon,,,Mout Blanc,,,,,,,,,,,,Sparkling,Dessert,3~4,6~8,SWEET3,ACIDITY2,BODY1,TANNIN1,0,750
143962,Castle Rock Chardonnay,Castle Rock Winery,USA,California,Central Coast,,,Chardonnay,,,,,,,,,,,,White,Table,13.8,10~12,SWEET1,ACIDITY3,BODY4,TANNIN1,2012,750
158796,"Nathalie Falmet, Le Val de Cornet Blanc de Noirs Brut",Nathalie Falmet,France,Champagne,Cote des Bar,,,Pinot Noir,Pinot Meunier,,,,,,,,,,,Sparkling,Appetizer,,,SWEET1,ACIDITY4,BODY4,TANNIN1,0,750
160703,Avantis Lenga,Avantis Estate,Greece,Central Greece and Attica,,,,Gewurztraminer,,,,,,,,,,,,White,Table,13,10~12,SWEET1,ACIDITY3,BODY3,TANNIN1,2014,750
148337,"Dourthe, Grands Terroirs Saint Emilion",Dourthe  Vins  Vignobles Dourthe,France,Bordeaux,SaintEmilion,,,Merlot,Cabernet Sauvignon,Cabernet Franc,,,,,,,,,,Red,Table,13~14,16~18,SWEET1,ACIDITY3,BODY3,TANNIN3,2016,750
166385,"Aimery, Nobles Vignes Syrah",Sieur dArques,France,Southern France,Languedoc Roussillon,Limoux,,Syrah & Shiraz,,,,,,,,,,,,Red,Table,13~14,15~17,SWEET1,ACIDITY3,BODY3,TANNIN3,2018,750
161515,Yvecourt Sauternes,Yvecourt,France,Bordeaux,Sauternes,,,Semillon,Sauvignon blanc,Muscadet,,,,,,,,,,White,Dessert,,,SWEET5,ACIDITY3,BODY4,TANNIN1,2014,750
154753,Solaria Sulleria,Solaria,Italy,Sicilia,,,,Blend,,,,,,,,,,,,Red,Table,,,SWEET1,ACIDITY3,BODY4,TANNIN4,2009,750
151304,"Alta Vista, Terroir Selection Malbec",Alta Vista,Argentina,Mendoza,,,,Malbec,,,,,,,,,,,,Red,Table,14.8,16~18,SWEET1,ACIDITY4,BODY5,TANNIN4,2016,750
149123,"Sineann, Pinot Noir",Sineann,USA,Oregon,,,,Pinot Noir,,,,,,,,,,,,Red,Table,13.8,15~17,SWEET1,ACIDITY5,BODY3,TANNIN3,2005,750
162708,"Savart, L'Annee 1er Extra Brut",Champagne Savart,France,Champagne,,,,Pinot Noir,Chardonnay,,,,,,,,,,,Sparkling,"Appetizer, Table",,,SWEET1,ACIDITY5,BODY3,TANNIN1,2013,750
138592,"Cesari, Amarone della Valpolicella Bosan",Cesari,Italy,Veneto,Valpolicella,,,Corvina,Rondinella,,,,,,,,,,,Red,Table,15.5,16~18,SWEET2,ACIDITY3,BODY5,TANNIN3,2010,750
152021,"Pierre Gaillard, Cote Rotie 'Rose Poupre'",Pierre Gaillard Domaine Pierre Gaillard,France,Rhone,CoteRotie,,,Syrah & Shiraz,,,,,,,,,,,,Red,Table,13~14,16~18,SWEET1,ACIDITY4,BODY5,TANNIN5,2011,750
145217,"Odoardi, Vigna Mortilla Savuto Superiore",Odoardi,Italy,Calabria,,,,Gaglioppo,Greco Nero,Magliocco Canino,Nerello Cappuccio,Sangiovese,,,,,,,,Red,Table,14,17~19,SWEET1,ACIDITY3,BODY3,TANNIN4,2001,750
157039,"Pyramid Valley, Lion Tooth Chardonnay",PYRAMID VALLEY,New Zealand,South Island,Waipara Valley,,,Chardonnay,,,,,,,,,,,,White,Table,,,SWEET1,ACIDITY4,BODY4,TANNIN1,2011,750
161877,"Bodega Cerron, El Sentido de la Vida",Bodega Cerron,Spain,Jumilla,,,,Cabernet Sauvignon,Petit Verdot,,,,,,,,,,,Red,Table,14,16~18,SWEET1,ACIDITY3,BODY5,TANNIN4,2012,750
158392,"Montes, Classic Chardonnay ",Montes Vina Montes,Chile,Rapel Valley,Colchagua Valley,,,Chardonnay,,,,,,,,,,,,White,"Appetizer, Table",,,SWEET1,ACIDITY3,BODY3,TANNIN1,2019,750
165819,"GMH, Shiraz",Wines by Geoff Hardy,Australia,South Australia,McLaren Vale,,,Syrah & Shiraz,,,,,,,,,,,,Red,Table,,,SWEET1,ACIDITY3,BODY4,TANNIN4,2017,750
162467,"Berry Bros. & Rudd, The Merchant's Rose",Berry Bros  Rudd,Spain,,,,,Garnacha,,,,,,,,,,,,Rose,Table,12.5,11~13,SWEET1,ACIDITY3,BODY2,TANNIN1,2016,750
155563,Super Finest Margaux,Tesco Finest,France,Bordeaux,Margaux,,,Cabernet Sauvignon,Merlot,,,,,,,,,,,Red,Table,,,SWEET1,ACIDITY3,BODY4,TANNIN4,2008,750
149346,"Chateau Los Boldos, Tradition Merlot",Chateau Los Boldos,Chile,Rapel Valley,Cachapoal Valley,,,Merlot,,,,,,,,,,,,Red,Table,12.5,16~18,SWEET1,ACIDITY3,BODY3,TANNIN3,2010,750
151205,Chateau Taillefer,Chateau Taillefer,France,Bordeaux,Pomerol,,,Merlot,Cabernet Sauvignon,,,,,,,,,,,Red,Table,14,16~18,SWEET1,ACIDITY4,BODY4,TANNIN4,2009,750
142198,Val de Flores,Michel Rolland Collection,Argentina,Mendoza,,,,Malbec,,,,,,,,,,,,Red,Table,15,16~18,SWEET1,ACIDITY4,BODY5,TANNIN5,2004,750
143788,"Chauvenet Chopin, Bourgogne Rouge Pinot Noir",ChauvenetChopin,France,Bourgogne,,,,Pinot Noir,,,,,,,,,,,,Red,Table,,,SWEET1,ACIDITY4,BODY2,TANNIN2,2004,750
150158,"Bouchard Aine & Fils, Meursault",Bouchard Aine  Fils,France,Bourgogne,Cote de Beaune,,,Chardonnay,,,,,,,,,,,,White,Table,13,10~12,SWEET1,ACIDITY4,BODY4,TANNIN1,2008,750
149186,"Olivier Bernstein, Puligny Montrachet 1er Cru 'Champ Gain'",Olivier Bernstein,France,Bourgogne,Cote de Beaune,PulignyMontrachet,,Chardonnay,,,,,,,,,,,,White,Table,,,SWEET1,ACIDITY4,BODY3,TANNIN1,2007,750
151761,Montes Alpha Malbec,Montes Vina Montes,Chile,Rapel Valley,Colchagua Valley,Apalta Valley,,Malbec,Cabernet Sauvignon,,,,,,,,,,,Red,Table,,,SWEET1,ACIDITY3,BODY4,TANNIN4,2019,750
167029,"Argiolas, S’Elegas ",Argiolas,Italy,Sardegna,,,,Nuragus,,,,,,,,,,,,White,"Appetizer, Table",13~14,8~10,SWEET1,ACIDITY4,BODY2,TANNIN1,2019,750
140357,Dievole Plenum Quintus,Dievole,Italy,Toscana,,,,Sangiovese,Aglianico,,,,,,,,,,,Red,Table,13.5,16~18,SWEET1,ACIDITY4,BODY5,TANNIN4,2006,750
152589,"Vietti, Roero Arneis",Vietti,Italy,Piemonte,,,,Arneis,,,,,,,,,,,,White,Table,,,SWEET1,ACIDITY3,BODY2,TANNIN1,2020,750
139761,"Santa Anastasia, Rosso di Passomaggio",Santa Anastasia,Italy,Sicilia,,,,Nero d'Avola,Merlot,,,,,,,,,,,Red,Table,13,16~18,SWEET1,ACIDITY3,BODY3,TANNIN3,2004,750
144808,"Castillo de Sajazarra, Solar de Libano Reserva",Castillo de Sajazarra,Spain,Rioja,,,,Tempranillo,Graciano,Garnacha,,,,,,,,,,Red,Table,13,15~17,SWEET1,ACIDITY3,BODY4,TANNIN3,2002,750
145832,"Cattier, Brut Blanc de Blanc 'Les Roses'",Cattier,France,Champagne,Montagne de Reims,,,Chardonnay,,,,,,,,,,,,Sparkling,Appetizer,12,6~8,SWEET1,ACIDITY5,BODY3,TANNIN1,0,750
156475,Chateau Garveron Pasty,Chateau Garveron,France,Bordeaux,,,,Cabernet Sauvignon,Merlot,Cabernet Franc,,,,,,,,,,Red,Table,12,16~18,SWEET1,ACIDITY3,BODY4,TANNIN3,2013,750
147210,"Bodegas Chivite, Vina Salceda Reserva",Bodegas Chivite,Spain,Rioja,,,,Tempranillo,Mazuelo,Graciano,,,,,,,,,,Red,Table,13,15~17,SWEET1,ACIDITY3,BODY4,TANNIN3,2006,750
147876,"Distell, Table Mountain Natural Sweet White",Distell,the Republic of South Africa,,,,,Blend,,,,,,,,,,,,White,"Appetizer, Dessert",7.5,8~10,SWEET4,ACIDITY3,BODY2,TANNIN1,0,750
165697,"Corte Mainente, Soave Spumante Brut",Corte Mainente,Italy,Veneto,Soave,,,Garganega,Trebbiano,Chardonnay,,,,,,,,,,White,"Appetizer, Table",11~12,6~8,SWEET1,ACIDITY3,BODY1,TANNIN1,0,750
150055,Reserve de Villecours,Villecours,France,,,,,Blend,,,,,,,,,,,,Red,Table,12.5,16~18,SWEET1,ACIDITY3,BODY3,TANNIN3,2007,750
148901,Feudo di Maria Merlot,Feudo di Maria,Italy,Sicilia,,,,Merlot,,,,,,,,,,,,Red,Table,14,15~17,SWEET2,ACIDITY3,BODY3,TANNIN3,0,750
137416,"San Pedro, Molina Reserva Carmenere",San Pedro,Chile,Maule Valley,,,,Carmenere,,,,,,,,,,,,Red,Table,14~15,16~18,SWEET1,ACIDITY3,BODY3,TANNIN3,2017,750
140909,"Lungarotti, San Giorgio",Lungarotti,Italy,Umbria,,,,Cabernet Sauvignon,Sangiovese,Canaiolo,,,,,,,,,,Red,Table,14~15,16~18,SWEET1,ACIDITY3,BODY4,TANNIN3,2007,750
148344,"Dourthe, Grands Terroirs Bordeaux Blanc",Dourthe  Vins  Vignobles Dourthe,France,Bordeaux,,,,Semillon,Sauvignon blanc,Muscadet,,,,,,,,,,White,Table,12~13,9~11,SWEET1,ACIDITY3,BODY2,TANNIN1,2017,750
162643,"Hardys, Limited Cellar Release Cabernet Sauvignon",Hardys,Australia,Cabernet Sauvignon,,,,,,,,,,,,,,,,Red,Table,,,SWEET1,ACIDITY4,BODY3,TANNIN3,2017,750
147988,"Cantine Gemma, Barolo Giblin Riserva",Cantine Gemma,Italy,Piemonte,Barolo,,,Nebbiolo,,,,,,,,,,,,Red,Table,14,15~17,SWEET1,ACIDITY4,BODY3,TANNIN4,2005,750
160011,GD Vajra Barolo Bricco delle Viole,GD Vijra,Italy,Piemonte,Barolo,,,Nebbiolo,,,,,,,,,,,,Red,Table,,,SWEET1,ACIDITY4,BODY4,TANNIN4,2012,750
146780,"Paolo Scavino, Barolo Carobric",Paolo Scavino,Italy,Piemonte,Barolo,,,Nebbiolo,,,,,,,,,,,,Red,Table,14.5,15~17,SWEET1,ACIDITY4,BODY4,TANNIN5,2004,750
147321,"La Serena, Rosso di Montalcino",La Serena,Italy,Toscana,Montalcino,,,Sangiovese,,,,,,,,,,,,Red,Table,14,16~18,SWEET1,ACIDITY3,BODY3,TANNIN3,2016,750
138313,"Plaisir de Merle, Merlot",Plaisir de Merle,the Republic of South Africa,Coastal Region,Paarl,,,Merlot,,,,,,,,,,,,Red,Table,14.5,16~18,SWEET1,ACIDITY4,BODY4,TANNIN3,2003,750
166887,"Meo Camuzet, Pommard",Domaine Meo Camuzet,France,Bourgogne,Cote de Beaune,Pommard,,Pinot Noir,,,,,,,,,,,,Red,Table,,,SWEET1,ACIDITY4,BODY3,TANNIN3,2017,750
141486,"Bouey & Fils, Medoc",Bouey  Fils,France,Bordeaux,Medoc,,,Cabernet Sauvignon,Merlot,Cabernet Franc,,,,,,,,,,Red,Table,13,16~18,SWEET1,ACIDITY3,BODY3,TANNIN3,2008,750
155810,"Jaume Serra, Brut Nature Cava",JGarcia Carrion,Spain,Catalunya,,,,Macabeo,Xarel.lo,Parellada,,,,,,,,,,Sparkling,Table,11.5,4~6,SWEET1,ACIDITY3,BODY2,TANNIN1,0,375
160789,"Le Contesse, Prosecco Superiore Valdobbiadene Cuvee Extra Dry",Le Contesse,Italy,Veneto,Conegliano,,,Glera,,,,,,,,,,,,Sparkling,Appetizer,10~11,6~8,SWEET1,ACIDITY4,BODY2,TANNIN1,0,750
158314,"Gaja, Magari",Gaja,Italy,Toscana,,,,Cabernet Sauvignon,Cabernet Franc,Petit Verdot,,,,,,,,,,Red,Table,13~14,16~18,SWEET1,ACIDITY3,BODY4,TANNIN4,2018,750
162509,Tareni Nero d’Avola,Carlo Pellegrino,Italy,Sicilia,,,,Nero d'Avola,,,,,,,,,,,,Red,Table,13~14,16~18,SWEET1,ACIDITY3,BODY4,TANNIN3,2016,750
140238,"Toso, Moscato d'Asti",Toso,Italy,Piemonte,Asti,,,Moscato,,,,,,,,,,,,White,Dessert,5.5,8~10,SWEET4,ACIDITY2,BODY2,TANNIN1,2006,750
159062,Sanford Chardonnay,Terlato Family Vineyards,USA,California,Napa County,Napa Valley,,Chardonnay,,,,,,,,,,,,White,Table,14.2,10~12,SWEET1,ACIDITY3,BODY4,TANNIN1,2010,750
148639,"Cecchi, Tesco Chianti Classico",Cecchi,Italy,Toscana,Chianti,,,Sangiovese,,,,,,,,,,,,Red,Table,13.5,16~18,SWEET1,ACIDITY4,BODY2,TANNIN2,2007,750
166918,"Olivier Leflaive, Bourgogne 'Les Setilles'",Olivier Leflaive,France,Bourgogne,,,,Chardonnay,,,,,,,,,,,,White,"Appetizer, Table",12~13,8~10,SWEET1,ACIDITY5,BODY3,TANNIN1,2016,750
154143,"Handpicked, Signature Cabernet Sauvignon",Handpicked,Australia,South Australia,Coonawarra,,,Cabernet Sauvignon,,,,,,,,,,,,Red,Table,,,SWEET1,ACIDITY3,BODY5,TANNIN4,2010,750
147832,"Ladera, Howell Mountain Napa Valley Cabernet Sauvignon",Ladera Vineyards,USA,California,Napa County,Napa Valley,,Cabernet Sauvignon,,,,,,,,,,,,Red,Table,14.8,16~18,SWEET1,ACIDITY4,BODY5,TANNIN4,2006,750
141848,Brauneberger Kurfurstlay Kabinett,Ferdinand Pieroth,Germany,,,,,Riesling,,,,,,,,,,,,White,Table,8.5,10~12,SWEET1,ACIDITY5,BODY3,TANNIN1,2006,750
159794,Los Vascos Grande Reserve Cabernet Sauvignon,Los Vascos Vina Los Vascos,Chile,Rapel Valley,Colchagua Valley,,,Cabernet Sauvignon,Carmenere,Syrah & Shiraz,Malbec,,,,,,,,,Red,Table,,,SWEET1,ACIDITY3,BODY4,TANNIN3,2013,750
147983,"Cennatoio, Rosso Fiorentino",Cennatoio,Italy,Toscana,,,,Cabernet Sauvignon,,,,,,,,,,,,Red,Table,14,16~18,SWEET1,ACIDITY4,BODY4,TANNIN4,2009,750
160938,Carte Blanche Cabernet Sauvignon,Nicolas Allen Winery,USA,California,Napa County,Napa Valley,,Cabernet Sauvignon,,,,,,,,,,,,Red,Table,14.9,16~18,SWEET1,ACIDITY3,BODY5,TANNIN5,2012,750
160055,"Pago de los Capellanes, El Picon",Pago de los Capellanes,Spain,Ribera del Duero,,,,Tempranillo,,,,,,,,,,,,Red,Table,14~15,17~19,SWEET1,ACIDITY3,BODY5,TANNIN4,2014,750
144418,"Fernand & Laurent Pillot, Chassagne Montrachet",Fernand  Laurent Pillot,France,Bourgogne,Cote de Beaune,ChassagneMontrachet,,Chardonnay,,,,,,,,,,,,White,Table,,,SWEET1,ACIDITY4,BODY3,TANNIN1,2004,750
147685,"Brotte, Domaine Grosset Cotes Du Rhone Villages Cairanne",Brotte,France,Rhone,Cotes du Rhone,,,Grenache,Syrah & Shiraz,mourvedre,,,,,,,,,,Red,Table,13.5,15~17,SWEET1,ACIDITY3,BODY3,TANNIN3,2012,750
154353,Ottella Le Creete,Ottella,Italy,Veneto,,,,Trebbiano,,,,,,,,,,,,White,Table,13,10~12,SWEET1,ACIDITY3,BODY3,TANNIN1,2017,750
162646,"Excelsior, Merlot",Excelsior,the Republic of South Africa,Breede River Valley,Robertson,,,Merlot,,,,,,,,,,,,Red,Table,14,16~18,SWEET1,ACIDITY4,BODY3,TANNIN3,2016,750
145272,Chateau Baron,Diva Bordeaux,France,Bordeaux,HautMedoc,,,Cabernet Sauvignon,Merlot,,,,,,,,,,,Red,Table,12.5,16~18,SWEET1,ACIDITY4,BODY3,TANNIN3,2006,750
162783,"Giant Steps, Yarra Valley Chardonnay",Giant Steps,Australia,Victoria,Yarra Valley,,,Chardonnay,,,,,,,,,,,,White,Table,13.5,10~12,SWEET1,ACIDITY3,BODY3,TANNIN1,2018,750
138268,"Penfolds, Bin 28 Kalimna Shiraz",Penfolds,Australia,South Australia,Barossa Valley,,,Syrah & Shiraz,,,,,,,,,,,,Red,Table,14~15,16~18,SWEET1,ACIDITY4,BODY5,TANNIN5,2016,750
162262,Alma Mora Malbec,Finca Las Moras,Argentina,San Juan,Tulum,,,Malbec,,,,,,,,,,,,Red,Table,13~14,16~18,SWEET1,ACIDITY3,BODY3,TANNIN3,2018,750
155078,"Giacomo Grimaldi, Dolcetto d'Alba",Giacomo Grimaldi,Italy,Piemonte,Alba,,,Dolcetto,,,,,,,,,,,,Red,Table,,,SWEET1,ACIDITY4,BODY3,TANNIN2,2017,750
137420,"San Pedro, Gato Negro Chardonnay",San Pedro,Chile,Central Valley,,,,Chardonnay,,,,,,,,,,,,White,Table,12~13,8~10,SWEET2,ACIDITY3,BODY2,TANNIN1,2018,750
147123,"Villard, Expresion Reserve Pinot Noir",Villard Estate,Chile,Aconcagua,Casablanca Valley,,,Pinot Noir,,,,,,,,,,,,Red,Table,,,SWEET1,ACIDITY3,BODY4,TANNIN3,2008,750
154721,Chateau Dupa,Chateau Dupa,France,Bordeaux,Medoc,,,Blend,,,,,,,,,,,,Red,Table,,,SWEET1,ACIDITY3,BODY4,TANNIN3,2011,750
166295,Chateau de Cappes,Chateau de Cappes,France,Bordeaux,,,,Merlot,Cabernet Sauvignon,,,,,,,,,,,Red,Table,13~14,15~17,SWEET1,ACIDITY3,BODY3,TANNIN3,2016,750
164438,"Charles Dufour, Rosé de saignée  Le Champ du Clos Brut Nature",Champagne Charles Dufour,France,Champagne,,,,Pinot Noir,,,,,,,,,,,,Sparkling,Appetizer,,,SWEET1,ACIDITY5,BODY3,TANNIN1,0,750
145833,"Pierre Andre, Aloxe Corton",Pierre Andre,France,Bourgogne,Cote de Beaune,AloxeCorton,,Pinot Noir,,,,,,,,,,,,Red,Table,13,16~18,SWEET1,ACIDITY4,BODY3,TANNIN2,2004,750
161247,Baltasar Garnacha,Bodegas San Alejandro,Spain,Calatayud,,,,Garnacha,,,,,,,,,,,,Red,Table,14~15,16~18,SWEET1,ACIDITY3,BODY3,TANNIN2,2017,750
167741,Goose Yard Block Shiraz,Schubert Estate,Australia,South Australia,Barossa Valley,,,Syrah & Shiraz,,,,,,,,,,,,Red,Table,,,SWEET1,ACIDITY3,BODY5,TANNIN5,2015,750
150288,Chateau d'Arsac,Maison Hebrard,France,Bordeaux,Margaux,,,Cabernet Sauvignon,Merlot,,,,,,,,,,,Red,Table,12,16~18,SWEET1,ACIDITY4,BODY3,TANNIN3,2011,750
145843,"Francois Janoueix, Chateau Condat",Francois Janoueix,France,Bordeaux,SaintEmilion Grand Cru,,,Merlot,Cabernet Franc,Cabernet Sauvignon,Petit Verdot,,,,,,,,,Red,Table,13,16~18,SWEET1,ACIDITY3,BODY4,TANNIN3,2005,750
167482,"Michel Lynch, Bordeaux White Organic",Michel Lynch  Jean Michel Cazes,France,Bordeaux,,,,Sauvignon blanc,,,,,,,,,,,,White,"Appetizer, Table",12~13,10~12,SWEET1,ACIDITY4,BODY2,TANNIN1,2016,750
165876,"Three Sticks, Gap's Crown Pinot Noir",Three Sticks,USA,California,Sonoma County,Sonoma Coast,,Pinot Noir,,,,,,,,,,,,Red,Table,,,SWEET1,ACIDITY4,BODY3,TANNIN2,2017,750
158496,Santa Cristina Bianco,Marchesi Antinori,Italy,Umbria,,,,Grechetto Bianco,Procanico,,,,,,,,,,,White,Table,12,10~12,SWEET1,ACIDITY3,BODY2,TANNIN1,2019,750
155589,"La Crema, Willamette Valley Pinot Noir",La Crema,USA,Oregon,,,,Pinot Noir,,,,,,,,,,,,Red,Table,13.5,15~17,SWEET1,ACIDITY5,BODY3,TANNIN3,2012,750
168309,"Finca Flichman, Caballero Reserva Malbec",Finca Flichman,Argentina,Mendoza,,,,Malbec,,,,,,,,,,,,Red,Table,,,SWEET1,ACIDITY3,BODY4,TANNIN3,2019,750
155674,"Aresti, Family Collection Assemblage",Vina Aresti,Chile,Curico Valley,,,,Cabernet Sauvignon,Merlot,Syrah & Shiraz,Malbec,Petite Sirah,,,,,,,,Red,Table,,,SWEET1,ACIDITY3,BODY5,TANNIN4,2009,750
163281,"Casa Rojo, Musso Cava",Casa Rojo,Spain,,,,,Macabeo,,,,,,,,,,,,Sparkling,"Appetizer, Table",11.5,6~8,SWEET1,ACIDITY3,BODY2,TANNIN1,0,750
146775,"Albino Rocca, Barbaresco Vigneto Loreto",Albino Rocca,Italy,Piemonte,Barbaresco,,,Nebbiolo,,,,,,,,,,,,Red,Table,14,15~17,SWEET1,ACIDITY4,BODY3,TANNIN4,2005,750
149230,"Guy Charlemagne, Reserve Brut Grand Cru Blanc de Blancs",Guy Charlemagne,France,Champagne,,,,Chardonnay,,,,,,,,,,,,Sparkling,"Appetizer, Table",12.5,7~9,SWEET1,ACIDITY5,BODY2,TANNIN1,0,750
157504,"Hardys, Bin53 Cabernet Sauvignon ",Accolade,Australia,Cabernet Sauvignon,,,,,,,,,,,,,,,,Red,Table,,,SWEET1,ACIDITY3,BODY3,TANNIN3,2017,750
152887,"Gerard Bertrand, Cigalus Blanc",Gerard Bertrand,France,Southern France,Languedoc Roussillon,,,Chardonnay,Viognier,Sauvignon blanc,,,,,,,,,,White,Table,14~15,10~12,SWEET1,ACIDITY4,BODY4,TANNIN1,2018,750
150256,"Donnhoff, Norhemer Dellchen 1er Riesling Trocken G.G",Donnhoff,Germany,Nahe,,,,Riesling,,,,,,,,,,,,White,"Appetizer, Table",,,SWEET1,ACIDITY5,BODY3,TANNIN1,2010,750
153976,"Zorzal, Terroir Unico Malbec",Zorzal,Argentina,Mendoza,,,,Malbec,,,,,,,,,,,,Red,Table,,,SWEET1,ACIDITY3,BODY4,TANNIN4,2013,750
155241,Steinmuhle Silvaner Trocken,Weingut Steinmuhle,Germany,Rheinhessen,,,,Silvaner,,,,,,,,,,,,White,Table,,,SWEET1,ACIDITY4,BODY3,TANNIN1,2015,750
166810,Idun Sauvignon Blanc,Idun,the Republic of South Africa,Cape South Coast,Overberg,Elgin,,Sauvignon blanc,,,,,,,,,,,,White,Appetizer,12.5~13.5,8~10,SWEET1,ACIDITY4,BODY2,TANNIN1,2018,750
138541,"Bouchard Pere & Fils, Vosne-Romanee",Bouchard Pere  Fils,France,Bourgogne,Cote de Nuits,VosneRomanee,,Pinot Noir,,,,,,,,,,,,Red,Table,13,16~18,SWEET1,ACIDITY3,BODY4,TANNIN3,2018,750
137296,"Frei Brothers, Chardonnay ",Frei Brothers,USA,California,Sonoma County,Russian River Valley,,Chardonnay,,,,,,,,,,,,White,"Appetizer, Table",13~14,10~12,SWEET1,ACIDITY4,BODY2,TANNIN1,2018,750
146815,Laboure Roi  Bourgogne Blanc,Laboure Roi Domaine Laboure Roi,France,Bourgogne,,,,Chardonnay,,,,,,,,,,,,White,Table,12.5,10~12,SWEET1,ACIDITY5,BODY3,TANNIN1,2009,750
149244,"Jules Lassalle, Cuvee Angeline Brut",Jules Lassalle,France,Champagne,,,,Chardonnay,,,,,,,,,,,,Sparkling,"Appetizer, Table",12,7~9,SWEET1,ACIDITY5,BODY2,TANNIN1,2002,750
159027,Oyster Bay Chardonnay,Oyster Bay,New Zealand,South Island,Marlborough,,,Chardonnay,,,,,,,,,,,,White,Table,13.5,10~12,SWEET1,ACIDITY3,BODY3,TANNIN1,2013,750
167943,"Tenuta di Arceno, Arcanum Il Fauno",Tenuta di Arceno,Italy,Toscana,,,,Merlot,Cabernet Franc,Cabernet Sauvignon,Petit Verdot,,,,,,,,,Red,Table,14.5~15.5,16~18,SWEET1,ACIDITY3,BODY4,TANNIN5,2017,750
167183,"Penner Ash, Oregon Viognier",PennerAsh,USA,Oregon,,,,Viognier,,,,,,,,,,,,White,"Appetizer, Table",,,SWEET1,ACIDITY4,BODY3,TANNIN1,2018,750
139847,"Clos Du Val, Zinfandel",Clos Du Val,USA,California,North Coast,,,Zinfandel,Petite Sirah,Petit Verdot,,,,,,,,,,Red,Table,14~15,16~18,SWEET1,ACIDITY2,BODY4,TANNIN3,2017,750
147209,"Bodegas Chivite, Vina Salceda Crianza",Bodegas Chivite,Spain,Rioja,,,,Tempranillo,Mazuelo,Graciano,,,,,,,,,,Red,Table,13,16~18,SWEET1,ACIDITY3,BODY3,TANNIN3,2007,750
139682,"Kaesler, Old Vine Shiraz",Kaesler Wines,Australia,South Australia,Barossa Valley,,,Syrah & Shiraz,,,,,,,,,,,,Red,Table,16,16~18,SWEET1,ACIDITY4,BODY5,TANNIN4,2010,750
160975,"Morande, Edicion Limitada Sauvignon Blanc",Vina Morande,Chile,Aconcagua,Casablanca Valley,,,Sauvignon blanc,,,,,,,,,,,,White,Table,,,SWEET1,ACIDITY4,BODY3,TANNIN1,2014,750
137419,"San Pedro, Gato Negro Carmenere",San Pedro,Chile,Central Valley,,,,Carmenere,,,,,,,,,,,,Red,Table,13~14,17~19,SWEET2,ACIDITY4,BODY3,TANNIN3,2018,750
160960,"Contri Spumanti, Appassimento  Segreto Rosso",Contri Spumanti,Italy,Puglia,,,,Negroamaro,,,,,,,,,,,,Red,Table,14,16~18,SWEET1,ACIDITY3,BODY4,TANNIN3,2013,750
160721,Gerovassiliou White,Ktima Gerovassiliou,Greece,,,,,Assyrtiko,Malagousia,,,,,,,,,,,White,Table,13.5,8~10,SWEET1,ACIDITY4,BODY2,TANNIN1,2014,750
155751,Domaine Bizot Bourgogne Chapitre,Domaine Bizot,France,Bourgogne,,,,Pinot Noir,,,,,,,,,,,,Red,Table,,,SWEET1,ACIDITY5,BODY4,TANNIN3,2018,750
155039,"Domaine Pierre Cros, Les Costes",Domaine Pierre Cros,France,Southern France,,,,Grenache Blanc,Vermentino,Picpoul Blanc,Grenache Gris,Muscat,,,,,,,,White,Table,,,SWEET1,ACIDITY4,BODY2,TANNIN1,2017,750
149542,"Clemens Busch, Marienburg Auslese Rothenpfad",Clemens Busch,Germany,MoselSaarRuwer,Bereich Bernkastel,,,Riesling,,,,,,,,,,,,White,Dessert,,,SWEET4,ACIDITY2,BODY5,TANNIN1,0,0
160875,"Champagne Jacquesson, Cuvee 734  'Degorgement Tardif'",Champagne Jacquesson,France,Champagne,,,,Chardonnay,Pinot Noir,Pinot Meunier,,,,,,,,,,Sparkling,"Appetizer, Table",,,SWEET1,ACIDITY5,BODY3,TANNIN1,0,750
148405,Castillo de Luzon,Bodegas Luzon,Spain,Jumilla,,,,Blend,,,,,,,,,,,,Red,Table,14,16~18,SWEET1,ACIDITY3,BODY4,TANNIN3,2008,750
155284,"Cavit, SanVigilio Moscato Dolce",Cavit,Italy,TrentinoAlto Adige,,,,Moscato Giallo,,,,,,,,,,,,Sparkling,Table,7~8,6~8,SWEET4,ACIDITY2,BODY2,TANNIN1,0,750
153584,"Louis Jadot, Beaujolais-Villages Primeur",Louis Jadot,France,Bourgogne,Beaujolais,,,Gamay,,,,,,,,,,,,Red,Table,12.5,14~16,SWEET2,ACIDITY3,BODY3,TANNIN2,2018,750
139471,"Kressmann, Grande Reserve Bordeaux Sec",Kressmann CVBG,France,Bordeaux,,,,Sauvignon blanc,Semillon,,,,,,,,,,,White,Table,12,10~12,SWEET1,ACIDITY4,BODY2,TANNIN1,2012,750
155102,Kistler McCrea Chardonnay,Kistler Vineyards,USA,California,Sonoma County,Sonoma Mountain,,Chardonnay,,,,,,,,,,,,White,Table,,,SWEET1,ACIDITY3,BODY5,TANNIN1,2015,750
163671,"Cantina Terlan, Gewurztraminer",Cantina Terlan,Italy,TrentinoAlto Adige,,,,Gewurztraminer,,,,,,,,,,,,White,Table,14,10~12,SWEET1,ACIDITY3,BODY4,TANNIN1,2017,750
154696,Doppio Passo Primitivo,Botter,Italy,Puglia,,,,Primitivo,,,,,,,,,,,,Red,Table,13,17~19,SWEET1,ACIDITY2,BODY4,TANNIN4,2018,750
149840,Cocchi Chardonnay Brut,Giulio Cocchi,Italy,,,,,Chardonnay,,,,,,,,,,,,Sparkling,"Appetizer, Table",12.5,6~8,SWEET2,ACIDITY4,BODY4,TANNIN1,0,750
159012,Louis Latour Clos Vougeot Grand Cru,Louis Latour,France,Bourgogne,Cote de Nuits,,,Pinot Noir,,,,,,,,,,,,Red,Table,12.5,16~18,SWEET1,ACIDITY4,BODY3,TANNIN2,2011,750
145962,"Estacion, Cabernet Sauvignon",Estacion,Chile,Rapel Valley,,,,Cabernet Sauvignon,,,,,,,,,,,,Red,Table,14,16~18,SWEET1,ACIDITY4,BODY3,TANNIN3,2010,750
139721,"Mcquigan, Personal Reserve Shiraz",Mcguigan,Australia,New South Wales,Hunter Valley,,,Syrah & Shiraz,,,,,,,,,,,,Red,Table,13,17~19,SWEET1,ACIDITY3,BODY5,TANNIN5,2002,750
150877,Mirassou Cabernet Sauvignon,Mirassou,USA,California,,,,Cabernet Sauvignon,Merlot,,,,,,,,,,,Red,Table,,,SWEET1,ACIDITY3,BODY4,TANNIN4,2010,750
147197,"Petra, Quercegobbe",Petra,Italy,Toscana,Maremma,,,Merlot,,,,,,,,,,,,Red,Table,14~15,16~18,SWEET1,ACIDITY3,BODY5,TANNIN4,2017,750
138468,"Alvaro Palacios, L'Ermita",Bodega Palacios Remondo,Spain,,,,,Garnacha,Cabernet Sauvignon,Carinena,,,,,,,,,,Red,Table,,,SWEET1,ACIDITY3,BODY5,TANNIN4,2019,750
149653,"Undurraga, Altazor",Undurraga Vina Undurraga,Chile,Maipo Valley,,,,Cabernet Sauvignon,Carmenere,Syrah & Shiraz,Carignan,Petit Verdot,,,,,,,,Red,Table,,,SWEET1,ACIDITY3,BODY5,TANNIN4,2013,750
141199,"Estrella, Merlot",Estrella,USA,California,,,,Merlot,,,,,,,,,,,,Red,Table,,,SWEET1,ACIDITY3,BODY3,TANNIN3,2005,750
155928,Nine dot Five 9.5 Cold Wine Sweet Moscato,Val de Brun,Italy,Veneto,,,,Moscato,,,,,,,,,,,,Sparkling,Dessert,7.5,6~8,SWEET4,ACIDITY1,BODY2,TANNIN1,2010,750
139190,Elin Sweet,Martellozzo,Italy,,,,,Blend,,,,,,,,,,,,Red,Dessert,10.5,6~8,SWEET5,ACIDITY2,BODY4,TANNIN2,0,750
146882,Divinus Hebe,Andre Lurton,France,Bordeaux,Loupiac,,,Semillon,Muscadet,Sauvignon blanc,,,,,,,,,,White,Dessert,12.5,6~8,SWEET5,ACIDITY3,BODY3,TANNIN1,2006,500
153675,"Bodegas Pinord, Dibon Brut ",Bodegas Pinord,Spain,Penedes,,,,Macabeo,Parellada,Xarel.lo,,,,,,,,,,Sparkling,Appetizer,11.5,6~8,SWEET1,ACIDITY3,BODY2,TANNIN1,0,750
143974,Twomey Merlot,Silver Oak Winery,USA,California,Napa County,Napa Valley,,Merlot,Cabernet Franc,Petit Verdot,,,,,,,,,,Red,Table,14~15,16~18,SWEET1,ACIDITY3,BODY5,TANNIN4,2016,750
145453,"Vincent Girardin, Gevrey Chambertin Vieilles Vignes",Vincent Girardin,France,Bourgogne,Cote de Nuits,GevreyChambertin,,Pinot Noir,,,,,,,,,,,,Red,Table,13,14~16,SWEET1,ACIDITY5,BODY3,TANNIN3,2009,750
166904,"Les Alexandrins, Cotes du Rhone Blanc",Domaine  Maison Les Alexandrins,France,Rhone,Cotes du Rhone,,,Grenache Blanc,Viognier,Marsanne,,,,,,,,,,White,"Appetizer, Table",13~14,8~10,SWEET1,ACIDITY4,BODY2,TANNIN1,2018,750
159301,Duval Leroy Brut,Duval Leroy,France,Champagne,Cote des Blancs,,,Chardonnay,Pinot Noir,,,,,,,,,,,Sparkling,"Appetizer, Table",12,6~8,SWEET1,ACIDITY4,BODY3,TANNIN1,0,750
166008,"Denis Montanar, Borc Dodon Merlot",Denis Montanar,Italy,Friuli Venezia Giulia,,,,Merlot,,,,,,,,,,,,Red,Table,12~13,16~18,SWEET1,ACIDITY4,BODY3,TANNIN2,2015,750
156106,Soho McQueen Pinot Noir,Soho,New Zealand,South Island,Marlborough,,,Pinot Noir,,,,,,,,,,,,Red,Table,,,SWEET1,ACIDITY5,BODY3,TANNIN3,2013,750
150385,"Ginestet, Prestige Bordeaux",Maison Ginestet,France,Bordeaux,,,,Merlot,Cabernet Franc,Cabernet Sauvignon,,,,,,,,,,Red,Table,,,SWEET1,ACIDITY4,BODY2,TANNIN3,2007,750
166120,"Cricova, Crisecco Brut Rose",Cricova,Moldova,Feteasca Alba,,,,Merlot,,,,,,,,,,,,Rose,Appetizer,,,SWEET1,ACIDITY3,BODY3,TANNIN1,0,750
149233,"Tarlant, Rose Brut",Tarlant,France,Champagne,,,,Chardonnay,,,,,,,,,,,,Sparkling,Table,,,SWEET1,ACIDITY5,BODY2,TANNIN1,0,750
141570,"Domaine de Camille Giroud, Corton Perrieres Grand Cru",Domaine de Camille Giroud,France,Bourgogne,Cote de Beaune,AloxeCorton,,Pinot Noir,,,,,,,,,,,,Red,Table,13~14,16~18,SWEET1,ACIDITY5,BODY2,TANNIN2,1993,750
146602,"Santa Margherita, Estates Selection Chardonnay",Santa Margherita,Italy,Sicilia,,,,Chardonnay,,,,,,,,,,,,White,Table,13.5,10~12,SWEET1,ACIDITY3,BODY3,TANNIN1,2007,750
156277,Jean Jacques Confuron Chambolle Musigny,Jean Jacques Confuron,France,Bourgogne,Cote de Nuits,Chambolle Musigny,,Pinot Noir,,,,,,,,,,,,Red,Table,,,SWEET1,ACIDITY4,BODY3,TANNIN2,2014,750
158572,Franciscan Estate Chardonnay,Franciscan Oakville Estate,USA,California,Napa County,Napa Valley,,Chardonnay,,,,,,,,,,,,White,Table,13.5,10~12,SWEET1,ACIDITY3,BODY4,TANNIN1,2015,750
146375,"Chialri, Rose Brut Spumante",Chiarli  Cleto Chiarli,Italy,EmiliaRomagna,,,,Lambrusco Grasparossa,Pinot Nero,,,,,,,,,,,Sparkling,Appetizer,11.5,6~8,SWEET2,ACIDITY2,BODY3,TANNIN1,0,750
153731,"Sine Qua Non, The Duel Syrah",Sine Qua Non,USA,California,,,,Syrah & Shiraz,,,,,,,,,,,,Red,Table,,,SWEET1,ACIDITY4,BODY5,TANNIN5,2008,750
148333,"Dourthe, Grands Terroirs Margaux",Dourthe  Vins  Vignobles Dourthe,France,Bordeaux,Margaux,,,Cabernet Sauvignon,Merlot,,,,,,,,,,,Red,Table,13.5,16~18,SWEET1,ACIDITY4,BODY4,TANNIN3,2010,750
149278,"Henri Billiot, Cuvee Tradition Brut",Henri Billiot Fils,France,Champagne,,,,Chardonnay,,,,,,,,,,,,Sparkling,"Appetizer, Table",12.5,7~9,SWEET1,ACIDITY5,BODY2,TANNIN1,0,750
142098,"Salentein, Primus Pinot Noir",Bodegas Salentein,Argentina,Mendoza,Uco Valley,,,Pinot Noir,,,,,,,,,,,,Red,Table,15.5,16~18,SWEET1,ACIDITY3,BODY3,TANNIN3,2004,750
167209,"Berlucchi, Palazzo Lana Saten ",Guido Berlucchi,Italy,Lombardia,Franciacorta,,,Chardonnay,,,,,,,,,,,,Sparkling,"Appetizer, Table",12~13,10~12,SWEET1,ACIDITY5,BODY3,TANNIN1,2008,750
167717,"Roche Mazet, Cinsault Grenache",CASTEL Groupe CASTEL,France,Southern France,Languedoc Roussillon,,,Cinsault,Grenache,,,,,,,,,,,Rose,"Appetizer, Table",12~13,10~12,SWEET1,ACIDITY3,BODY2,TANNIN1,2019,750
162187,"Ca'di Rajo, Epsilon Pink Gold",Cadi Rajo Wines,Italy,Veneto,,,,Raboso,Glera,,,,,,,,,,,Sparkling,Table,11,6~8,SWEET2,ACIDITY3,BODY3,TANNIN1,0,750
163767,"Dominio de La Vega, Idilicum Cava Brut",Dominio de La Vega,Spain,Valencia,,,,Macabeo,,,,,,,,,,,,Sparkling,Appetizer,12,6~8,SWEET1,ACIDITY2,BODY2,TANNIN1,0,750
151193,"Hardys, VR Cabernet Sauvignon",Hardys,Australia,South Eastern Australia,,,,Cabernet Sauvignon,,,,,,,,,,,,Red,Table,13.5,16~18,SWEET1,ACIDITY2,BODY3,TANNIN3,2017,750
157938,"Tenuta Sant’ Antonio, Valpolicella Superiore Monti Garbi Ripasso",Tenuta SantAntonio,Italy,Veneto,Valpolicella,,,Corvina,Rondinella,Etc,,,,,,,,,,Red,Table,,,SWEET2,ACIDITY3,BODY4,TANNIN3,2012,750
166610,"Paxton, Thomas Block Grenache",Paxton,Australia,South Australia,McLaren Vale,,,Grenache,,,,,,,,,,,,Red,Table,13~14,15~17,SWEET1,ACIDITY4,BODY3,TANNIN3,2017,750
166423,"Domaine Castagnier, Chambolle Musigny",Domaine Castagnier,France,Bourgogne,Cote de Nuits,Chambolle Musigny,,Pinot Noir,,,,,,,,,,,,Red,Table,13~14,15~17,SWEET1,ACIDITY2,BODY3,TANNIN4,2017,750
153555,Terra d'Oro Amador county Zinfandel,Terra dOro,USA,California,Amador County,,,Zinfandel,,,,,,,,,,,,Red,Table,14.5,17~20,SWEET1,ACIDITY2,BODY4,TANNIN3,2011,750
162165,"Silver Ghost, Reserva Chardonnay",Silver Ghost,Chile,Rapel Valley,,,,Chardonnay,,,,,,,,,,,,White,Table,,,SWEET1,ACIDITY3,BODY3,TANNIN1,2017,750
166652,"Montalto, Estate Pinot Noir",Montalto,Australia,Victoria,Mornington Peninsula,,,Pinot Noir,,,,,,,,,,,,Red,Table,13~14,13~15,SWEET1,ACIDITY4,BODY3,TANNIN2,2018,750
165957,Dominican Oaks Napa Valley Merlot,Rutherford Wine Company,USA,California,Napa County,Napa Valley,,Merlot,,,,,,,,,,,,Red,Table,13~14,15~17,SWEET1,ACIDITY3,BODY4,TANNIN3,2014,750
159822,"Domaine Drouhin, Dundee Hill Pinot Noir",Domaine Drouhin,USA,Oregon,Willamette Valley,Dundee Hills,,Pinot Noir,,,,,,,,,,,,Red,Table,14~15,16~18,SWEET1,ACIDITY5,BODY4,TANNIN3,2014,750
140227,"Fattoria Viticcio, Prunaio",Fattoria Viticcio,Italy,Toscana,,,,Sangiovese,,,,,,,,,,,,Red,Table,13.5,16~18,SWEET1,ACIDITY4,BODY4,TANNIN3,2013,750
